resid,occupancy_pct
260,88.55721393034825
255,86.56716417910447
355,81.09452736318407
357,75.62189054726367
113,75.62189054726367
257,73.13432835820896
256,63.681592039801
261,55.72139303482587
116,53.233830845771145
356,45.27363184079602
358,30.845771144278604
259,29.850746268656714
254,22.388059701492537
360,15.92039800995025
253,14.427860696517413
498,10.44776119402985
115,8.955223880597014
361,7.462686567164178
364,5.970149253731343
591,4.975124378109453
589,4.477611940298507
359,3.482587064676617
590,1.9900497512437811
362,1.4925373134328357
262,1.4925373134328357
264,0.9950248756218906
588,0.4975124378109453
638,0.4975124378109453
117,0.4975124378109453
263,0.4975124378109453
