resid,rmsf_A
1,52.00637220215045
2,29.78845258874613
3,22.583161555527568
4,18.160045747376916
5,19.742438650721937
6,20.571158992054162
7,18.28960852828555
8,18.11252285578936
9,19.206939115668415
10,19.047791911979488
11,18.15278595098516
12,19.088546904640197
13,19.898530301220564
14,19.191681122012458
15,19.58859877771762
16,18.74032138474674
17,18.866014611954814
18,18.567254241474217
19,17.48870731473734
20,16.90721292869504
21,16.966633833721122
22,16.58747556728392
23,15.41132242186088
24,15.013250216273095
25,15.628722908655764
26,14.9508716014765
27,13.934916255792317
28,13.068794867130787
29,12.890067748561005
30,12.171935418211048
31,11.992836926160576
32,11.662525390407563
33,12.000219696563388
34,11.406157618142093
35,11.165499748297792
36,11.782753821697858
37,12.011666925734431
38,11.42599830281109
39,11.651566230388255
40,12.469680688947081
41,12.409196396077425
42,12.182925426546824
43,11.46978433563343
44,11.338269525437461
45,10.804209553905677
46,10.46893017939106
47,10.64470261316486
48,10.881464205275584
49,11.339919091324175
50,11.670608980815878
51,11.86339308927775
52,11.913441007798568
53,11.46080487802903
54,11.488459742823933
55,12.201327043565746
56,12.62045506226855
57,12.249370714926494
58,12.886288010181547
59,13.548454678035739
60,13.136312875479337
61,13.054745635547096
62,14.070769245745534
63,14.45406617029445
64,14.818435479020522
65,14.468367310505375
66,14.011482657156924
67,13.746717556354165
68,14.350036361034348
69,14.860207848514479
70,14.798904501436168
71,14.042975566245367
72,14.286886426828245
73,13.650007379466949
74,14.24617279142732
75,13.9016009402518
76,13.062889165791193
77,12.997455498894624
78,12.433987274038625
79,12.131399720715535
80,11.647781653185657
81,11.936089098258632
82,12.155862769445504
83,11.504464561882783
84,11.357713979344137
85,12.07503972481201
86,11.994753178342101
87,11.579253790593713
88,12.25796870696374
89,12.896702860698268
90,13.901955447256995
91,13.504604802384558
92,13.964815451253715
93,13.907671298585658
94,13.368869634792924
95,13.883218165334162
96,13.517563397170896
97,14.204306527544341
98,14.199115041624925
99,16.596104159924987
100,14.324557738763481
101,18.66680206721502
102,16.349380609916814
103,14.814570489952699
104,14.121386791638606
105,13.570269258388647
106,13.531134829547659
107,12.918583284441556
108,12.478722995555119
109,12.311449486328444
110,11.609980804182674
111,11.44430909512573
112,10.957318819724442
113,11.130514059159578
114,11.877084822935892
115,11.98645724079931
116,12.84878849397747
117,13.142520591266083
118,12.828103524151013
119,13.508585665237408
120,13.436579716362528
121,14.335644208857893
122,14.534573790753637
123,21.307768093060243
124,19.447414192227306
125,19.557341890928832
126,15.68494483327835
127,16.538593579259004
128,21.41452862764595
129,18.50256576578078
130,18.448463330751476
131,17.20796583137348
132,16.893417515792038
133,17.05185896773915
134,16.008008741189297
135,15.808235256202593
136,14.884420706394321
137,14.861783344884177
138,14.00178376575383
139,14.129838646198905
140,13.658449739449178
141,14.33265697670895
142,14.89144592146681
143,15.285639721133657
144,15.800041427008203
145,16.45905694308856
146,17.037936292255193
147,17.9925852360564
148,17.84113090767111
149,18.493749546701203
150,17.66618142330872
151,16.85751013224222
152,17.560735459917087
153,17.729722585761515
154,16.62085019615677
155,16.472246114135178
156,17.42285791272703
157,17.073247261725786
158,16.13168034315353
159,16.814114720875093
160,17.59687411522716
161,16.805851230903915
162,16.362445349638342
163,17.478433505091907
164,17.910661925580126
165,16.920963327893705
166,17.188279339300035
167,17.999375767194138
168,18.094950750812536
169,16.69532408610515
170,15.711185055026727
171,15.16508686468675
172,14.457987516772189
173,14.715958249292767
174,14.638801809285006
175,15.545247082572835
176,15.530051170829335
177,16.469946166987484
178,16.909971509732056
179,17.905935084137784
180,19.486855015663
181,31.46555252051384
182,23.654718073759422
183,18.192515336473782
184,20.423939321682475
185,30.963087130344192
186,18.780846457145113
187,18.08071822596829
188,27.7563184632294
189,26.385630940253435
190,18.511778379675828
191,18.58839468317911
192,32.66063618397887
193,20.067953941996894
194,18.389244772519984
195,18.280331951206893
196,17.16274931251336
197,16.770212811909584
198,16.18023881588545
199,15.334043828598249
200,14.80872722741003
201,13.691084485463648
202,13.500003813762557
203,12.965903771515567
204,13.732670492340073
205,14.248167279921468
206,15.197056580790411
207,15.582271343319599
208,15.433297882449304
209,15.82652322444257
210,15.029730697805288
211,15.10362583988964
212,14.81389003749321
213,15.635538295549122
214,15.40186235410331
215,16.124634376267643
216,16.58235977671998
217,17.345875793132734
218,19.600979564161854
219,25.77618555429657
220,34.66431387917762
221,20.44254202578837
222,29.837063607891032
223,29.14257857299173
224,17.252674763224263
225,17.268571502908976
226,19.70923535457437
227,17.39986543203783
228,16.565139096108066
229,17.425459424256665
230,17.860100876277905
231,16.81166119955901
232,16.7212668173806
233,17.94745781365499
234,17.728704051061218
235,16.877609038271576
236,17.710920921372637
237,18.49392057942217
238,17.746020331497927
239,17.27467210698506
240,17.460986014450597
241,16.28432532296781
242,15.375346544475864
243,14.19735888323025
244,13.380789143540815
245,13.029508658849297
246,12.132280163777622
247,11.578122663663553
248,11.101357979900456
249,10.719674844011559
250,10.445426325603778
251,10.537585422200658
252,10.5059823927129
253,10.82532542160755
254,11.520669789647155
255,12.24837006004155
256,12.55242413801628
257,13.512950648634344
258,14.256604484070099
259,14.531715786099543
260,13.40066665761904
261,12.747359190756299
262,13.456657222976062
263,13.544695492828424
264,14.541945108662135
265,14.849270672205384
266,16.996662653899126
267,26.950407495931312
268,46.98698682221377
269,32.46963185780032
270,18.929798358318795
271,29.70118144498446
272,40.849433265803825
273,20.537760396466236
274,17.12563828149
275,30.076721095267782
276,28.752125119565566
277,17.084621351550282
278,19.225929702468008
279,31.1671537168743
280,23.644271628876307
281,17.817219507836146
282,20.86631988308954
283,19.378718489379434
284,18.19447878958683
285,17.50114144245863
286,17.05270319350557
287,16.46474999072103
288,15.768471220265544
289,15.970076802133619
290,14.982241509736832
291,14.12964800354671
292,13.07108655278039
293,12.688202748606946
294,12.549454323884364
295,12.306648476633217
296,12.778305792107686
297,13.817041338513866
298,14.342398395703974
299,15.36978797111181
300,15.737779858332686
301,15.632209817769517
302,16.318901280014853
303,16.571198296788765
304,16.17304122152826
305,16.256566551024868
306,15.319778644816687
307,14.851419088125635
308,14.335916700872017
309,14.37402726375068
310,13.86748729696962
311,14.07186078006468
312,14.370077299596645
313,15.455387965083402
314,16.068027129152387
315,16.977706528243445
316,18.24883998528449
317,19.016523441430113
318,18.138479608108845
319,17.871797346099203
320,19.296346028114588
321,19.49847355587727
322,18.43584322129227
323,18.736755482090267
324,18.33312006482588
325,16.90938299159018
326,16.939142966544033
327,16.642786231077498
328,15.683998479041318
329,14.461271614275907
330,13.871235771225338
331,14.588204701256496
332,14.452687358787257
333,13.322829634835632
334,13.350877694408553
335,14.220300343970056
336,13.580576990670602
337,12.957398823675595
338,12.945621373103013
339,13.168872786521952
340,13.584276297732966
341,13.44942334814333
342,12.97356412288953
343,12.411291774445715
344,12.258685232274159
345,12.175640573652874
346,11.648637558662422
347,11.18506620885039
348,11.397978233423032
349,11.259745972991729
350,10.684596543683888
351,10.671111275540005
352,11.07865266595062
353,11.358651583963328
354,11.037950389327245
355,11.247803834939939
356,11.22520254365215
357,11.882941747633557
358,12.445532018826656
359,12.70280164649264
360,13.591264067397281
361,14.360639138526532
362,14.57952438037996
363,13.73805215210945
364,13.761286697641317
365,14.583367614086686
366,14.345860573013963
367,13.757716288408934
368,14.409064111997704
369,14.99996321623153
370,14.688589432782395
371,14.467316288854223
372,18.19972129881379
373,16.624161431309286
374,14.999017102204435
375,15.100086437021377
376,22.488719243595757
377,16.11076214242959
378,15.642540677800397
379,22.949123911440118
380,28.609991504494108
381,34.366066511644654
382,30.30679976228031
383,42.56563579994855
384,38.75997304157783
385,47.86485513549256
386,47.653575658360474
387,29.59043840272889
388,38.23407405070793
389,31.74194413723987
390,29.567612144045434
391,17.967588034206866
392,15.962412623556373
393,16.6480653538067
394,17.226964057245723
395,16.393280532759483
396,16.14658536779347
397,17.59726910968087
398,18.337870112496653
399,21.328930447805856
400,18.635168591474955
401,16.609321649917522
402,16.059136224957626
403,16.04275975782129
404,16.44922564600735
405,19.502393569162066
406,23.733956422784434
407,35.384893534639076
408,28.61520111458827
409,19.39909383780796
410,35.91352183113227
411,50.67792933414528
412,49.06352141491338
413,45.106315599717064
414,60.266723122394076
415,60.18682677111943
416,51.620459984638714
417,58.672238392177675
418,63.73691841615729
419,60.45920709190465
420,57.0034606028921
421,63.3320346347041
422,65.16510872723255
423,59.696134170460354
424,55.28598377674781
425,39.88584040533149
426,35.22845700967692
427,22.757412843407884
428,14.803264620342206
429,14.169285122787796
430,13.342592334120747
431,13.214972067773758
432,12.285645561107343
433,15.528247121929802
434,16.362745598769564
435,17.907242034076763
436,14.624446565228906
437,15.260138848328191
438,21.927937948228966
439,14.450978011461544
440,14.76646583415133
441,25.108415038236526
442,26.22433090534829
443,15.719335782494682
444,14.893480806736369
445,16.93012285097635
446,14.758380720911338
447,14.778458415408055
448,15.743708656023037
449,16.180897751452243
450,15.858289385503785
451,15.442927339836194
452,14.983392303629968
453,15.897774120135418
454,16.315252342836946
455,17.21613875568697
456,16.532831533417
457,15.648131076234549
458,16.180612341132342
459,15.228465037248936
460,14.892481676106737
461,15.320228329612874
462,15.159186378334528
463,15.989793161652642
464,16.429007103623203
465,16.561412956255882
466,16.33793861329596
467,17.78321866377041
468,17.7297035751389
469,16.59110330587595
470,17.193960985634174
471,18.18250984810925
472,17.195710263239516
473,16.82906758129359
474,18.233325074074354
475,18.40133122672486
476,17.422052807611934
477,18.103448500055464
478,19.219208141553388
479,18.618092242437758
480,18.98940118412726
481,18.065859049417632
482,17.530802944407544
483,16.935724104532362
484,16.05068787112518
485,14.75939511556403
486,13.779102876738202
487,12.888719027031275
488,12.159345917222959
489,11.445939035249266
490,10.806121658213486
491,10.68165505786038
492,11.321648841810322
493,11.311437547071604
494,11.10855227115958
495,11.17398459676676
496,11.57195335372398
497,11.966334440625394
498,12.680700894384175
499,12.846173907791206
500,12.50363263337191
501,12.802274085897086
502,13.524561398272068
503,13.552489356580205
504,13.328368665612496
505,13.981931621613095
506,17.181805223263286
507,18.71755402128991
508,37.2177887432667
509,46.11964790630812
510,46.76462772196
511,55.456694660979636
512,63.38403630789748
513,65.12719783131004
514,64.91464659950336
515,59.52300807365428
516,56.734038099050466
517,59.898001722720544
518,54.486548728544484
519,33.80765860071175
520,40.36451528813947
521,37.22627679402409
522,17.07168434249658
523,13.970820160730176
524,17.60531924394763
525,21.65710845516944
526,14.078338478302468
527,13.20914873042337
528,13.325139580130033
529,13.760638884374176
530,13.380211759108933
531,13.757391778217526
532,13.322370240996312
533,13.74902465652573
534,13.237226166799243
535,13.673924585246706
536,13.794716257818422
537,14.368203068586602
538,15.28911306034213
539,16.155477943829535
540,16.97866123069762
541,16.248397751985916
542,15.361858798939766
543,15.255075312542328
544,14.705765967416866
545,14.331321556249224
546,14.38134668587935
547,13.66086448836028
548,13.487317097070234
549,12.92232269612223
550,12.956512981502211
551,12.195731371331965
552,11.640896927553648
553,11.834757935924225
554,12.241704937571557
555,12.066938428192037
556,12.772053928979298
557,12.862396180626666
558,13.444299897900464
559,13.422674750675904
560,12.759732876262184
561,12.986999448104527
562,13.401211008389046
563,12.87958707029445
564,12.344178116430948
565,13.065686007079321
566,13.355924997323662
567,12.698354804923534
568,12.666012368829994
569,13.643503056885594
570,13.555918178643093
571,12.98018196949166
572,13.602249828696172
573,14.396168942780895
574,14.09043576658061
575,13.988711358271685
576,15.008512511235057
577,15.31370301388255
578,14.978135672597128
579,15.450971477454633
580,16.4542639192036
581,16.421045979832783
582,16.41762058138558
583,15.503714288694656
584,15.58442488455184
585,15.324786534920259
586,16.384465671727526
587,15.6748467529594
588,14.657604866193152
589,15.115166374585211
590,15.985170805347655
591,16.001780389274867
592,17.66008091669141
593,16.000020872824255
594,17.09617930217127
595,19.65788342660743
596,22.786247990685478
597,17.918147966806195
598,16.494390114602812
599,19.372257229088742
600,20.094349429852027
601,17.196983981714254
602,16.61316958489842
603,19.574955965192963
604,18.224869755150728
605,17.515574783028146
606,16.480621779126647
607,16.809279989925898
608,17.3048870529825
609,16.216309639094792
610,15.708256343881219
611,16.590637193833565
612,16.401866009696832
613,15.278184551170112
614,14.905889441022358
615,13.869731762002061
616,13.52402523302428
617,12.689982139900525
618,12.033770040660604
619,12.647977381307182
620,13.409501579977821
621,14.34674391882624
622,14.979975347703462
623,16.171187904235158
624,16.190284466109063
625,17.322427709433672
626,17.33958885477987
627,16.470756762131106
628,16.009004182924272
629,15.059942570754181
630,14.698139312477924
631,14.698976919178968
632,14.307429661082523
633,13.314372230425485
634,13.454681514996599
635,13.202756927708752
636,12.359469521609489
637,11.970462590974991
638,12.322771843217906
639,12.061601212947618
640,11.3483073180398
641,11.42217348928637
642,11.287680151255406
643,11.605510715130515
644,11.443026698448799
645,11.797104401227038
646,12.123261054293462
647,12.032898051106624
648,11.924577561147123
649,12.905867505603915
650,13.379176143697125
651,14.038021224775596
652,13.987131873741932
653,14.831175041459817
654,15.53306972827148
655,16.48390809901248
656,17.744458973212584
657,17.988025917968773
658,17.376885380965184
659,17.532776038501403
660,16.52730618327193
661,15.497858091522037
662,14.651351000205556
663,14.27069169101081
664,13.520523436698475
665,13.583940374809405
666,14.841835613690558
667,15.88979550407056
668,17.092901418903505
669,18.466070935052738
670,19.804261169608342
671,20.951654538660765
672,22.453603180822064
673,23.37890504364209
674,24.95471691947174
675,25.733062069579095
676,24.63445744565516
677,23.350581892198175
678,21.838735821232042
679,20.446754421601675
680,19.09149668464082
681,18.36612125073288
682,16.98701956285914
683,16.638367712269233
684,15.677179873159588
685,15.451124911486993
686,16.10119183844298
687,15.295672989896621
688,14.326293795478428
689,15.257322102087233
690,15.961073555267884
691,14.86084850450622
692,14.57404556621276
693,15.859404424021298
694,16.026998143935025
695,15.153619761334982
696,15.481615256055944
697,14.893098894812763
698,15.132877337197257
699,15.623460506190336
700,16.858434273935202
701,17.203171312775165
702,18.50351400644579
703,19.187999241608427
704,19.4880173150647
705,18.164546997644734
706,17.70434804377526
707,18.82473165625132
708,18.588727279640384
709,17.2912658991365
710,17.814375860957274
711,18.742910277946162
712,17.67717966867801
713,17.093031857449642
714,18.43999031787657
715,18.737297206345534
716,17.50611421561903
717,17.967422596682226
718,19.342689421397033
719,18.832875468129274
720,17.894137230881622
721,18.188540219578947
722,19.704705950591304
723,19.964082290018485
724,19.32128310311427
725,20.263940830145344
726,19.40462156900078
727,18.745913141807424
728,20.137611201150197
729,20.632317436864835
730,19.4487247794856
731,19.523220137437587
732,21.04865427574203
733,20.938479807833428
734,19.976480562422307
735,20.794574071820342
736,22.047850882799274
737,21.423419692579255
738,20.881938162731966
739,21.812309984882447
740,22.04106382154715
741,21.954472007038188
742,20.7696584321848
743,19.95240684476956
744,18.760729070226184
745,17.595865761535435
746,16.28800886032553
747,15.519109351846165
748,15.693498712963233
749,15.75884710413507
750,18.068829004817058
751,17.985751678828095
752,18.274439743100658
753,18.502580485731844
754,19.892751505791917
755,21.110129097394562
756,21.987491765123227
757,22.530276532487655
758,21.46473351622995
759,22.320609941152718
760,22.532825521682895
761,21.02684563996578
762,20.884156959242112
763,21.920324575992854
764,21.284551312256458
765,20.056779844300465
766,20.53342813624621
767,21.838157277250005
768,21.88710497895928
769,20.604564618402037
770,20.665643340153874
771,20.772362921793153
772,21.445334455242307
773,22.673824446090837
774,23.821528333952664
775,25.034378021117114
776,23.80900146404898
777,24.878621554875412
778,24.189488170589982
779,24.27116602216837
780,25.139731055622775
781,24.743508281237723
782,23.360488887126
783,24.11628954961524
784,24.20686687726458
785,22.586217042856344
786,22.051898586704453
787,21.292272334561453
788,20.266860924466986
789,20.83252906320628
790,20.737214372150195
791,19.848809753068057
792,18.8441099424104
793,18.84825767180884
794,18.60831330631447
795,17.482875434546937
796,16.93747709246127
797,17.0857179105688
798,18.451819099941204
799,18.958885192719475
800,20.092077406500795
801,21.21759654381337
802,20.43695297373584
803,21.243976816659703
804,20.06054096532539
805,20.423939701024473
806,22.152778706677182
807,22.045754648715057
808,21.088957022291886
809,22.275236993474874
810,23.5011071816762
811,22.72179323915518
812,21.9818434384844
813,23.28426589928085
814,23.331305482264106
815,21.801052736440155
816,22.0772215289014
817,23.25532803042592
818,22.37524055318557
819,21.365057454872378
820,22.5328899606536
821,23.108299440042483
822,21.82932901061021
823,21.801684445689848
824,23.299414867398763
825,24.370649065117
826,23.617697879321145
827,23.94679195754724
828,23.516467512387223
829,23.80681141201512
830,23.862728510880554
831,23.024217650817757
832,23.249165581795328
833,24.729529332731836
834,23.935476735669987
835,23.792643559506203
836,25.166331145498873
837,24.70220878856029
838,24.771854507415135
839,25.996330390814116
840,27.353811559877332
841,26.819280404423765
842,26.241669285041404
843,27.59761945800982
844,27.471554338376095
845,25.64095818077297
846,24.779585485883477
847,24.546051327035624
848,24.77224007942593
849,25.344655700699853
