time_ns,protein_rmsd_A,ligand_rmsd_A
0.0,1.4820646093097902e-06,6.372004554567919e-08
0.05,11.04320637520366,1.3622015036565331
0.1,15.764096104407571,1.0913472548798333
0.15,14.803456242944005,1.4581815282984116
0.2,13.849878406524502,1.5136003227553103
0.25,10.279983501612755,1.6232034070924497
0.3,12.950497126000776,1.665038260974326
0.35,12.063977172656752,1.811008349939203
0.4,12.356906711819825,1.6781412537884137
0.45,14.043950369934151,1.8351381564301825
0.5,13.64578067165185,1.7048824969616936
0.55,13.415333702134518,1.3986111991696368
0.6,14.897162913175984,1.4264208507681713
0.65,16.005750252491033,1.3345604795051427
0.7,15.501852007820313,1.994484571609389
0.75,14.4931085494961,1.7720463270846165
0.8,14.847121244758792,1.5523700366394007
0.85,13.628414785645424,1.3285581121969516
0.9,14.877152933851384,1.7172589487570022
0.95,14.340398683856343,1.4265269110842953
1.0,15.988565755553681,1.9414143568499895
1.05,19.79726213471729,1.6681159415146722
1.1,18.975040127551797,1.8563754762233724
1.15,19.24554312621415,1.599833681295054
1.2,24.02254387762967,1.514857001291463
1.25,23.9789573273871,1.5591644911886842
1.3,22.24320601189888,1.5167043633778878
1.35,20.11383719995588,1.9017275815469687
1.4,16.9762960627763,1.5604332882227858
1.45,20.04268022781292,1.620042881598169
1.5,17.78686780295345,1.7146027544096982
1.55,16.543269746592294,1.4924450092729298
1.6,17.639612592852423,1.9730982230317557
1.65,16.978364769148538,1.7028481859573903
1.7,16.632373927466226,1.7592986267189876
1.75,20.22555010467988,1.9283805466412816
1.8,19.36015384414915,1.9188731437180373
1.85,16.81442942315626,1.7152079206310031
1.9,17.507558227023974,1.797161925820041
1.95,18.778413218787257,1.9289007645803977
2.0,18.421944313174663,1.6220774825404765
2.05,18.484792016135412,2.1356398473030476
2.1,16.829018974857203,1.6908982741256957
2.15,17.16469095995095,24.835605732944536
2.2,18.673744025858685,1.403054318598842
2.25,22.674327031351435,56.593048944819536
2.3,23.77386211847803,1.5920502249401605
2.35,25.75235723559822,50.276396720760545
2.4,30.030707039985927,63.82135754236398
2.45,32.36107949045734,49.25422429796327
2.5,31.82989573837753,57.956756613576985
2.55,27.822652009643328,60.641165877212075
2.6,27.289428148282624,53.19463844651502
2.65,26.875666105039397,64.58013401595748
2.7,32.45032142702363,53.25679574606199
2.75,35.4419378430856,61.72335889111853
2.8,36.0932083842998,57.11848800465745
2.85,35.088951932092534,57.260095427223604
2.9,31.78929212562589,24.54501715210472
2.95,30.85202828018495,56.3706120511753
3.0,29.268378499337803,57.54754252975924
3.05,28.070911176838848,65.81195566748858
3.1,26.58730456329249,24.700727509749456
3.15,26.816408524852257,63.8522643507396
3.2,23.219721597976452,63.53899268117427
3.25,23.448625259145018,63.70262133434383
3.3,24.104779734083657,54.93567132090525
3.35,22.402874109849083,53.550477569335186
3.4,21.411724380292394,45.481486933718614
3.45,22.280180672457277,1.8704955053616525
3.5,23.08990749696266,1.7641595086424298
3.55,22.42725395327766,1.8206919365389742
3.6,23.92202711366907,1.6926836986071085
3.65,23.836844391776783,1.7672446502482875
3.7,24.931156977467783,1.8232781424408537
3.75,24.291287195359757,1.6477787665861972
3.8,25.32389586871819,24.104528212034122
3.85,25.06978732609013,33.690904618593336
3.9,28.704228608596097,1.8331754969941674
3.95,28.13996294841,45.38355997381361
4.0,24.828638732849384,33.77419230406053
4.05,22.222229940323096,40.02564303985396
4.1,22.884848441740225,24.78826991869955
4.15,22.989041070247673,45.25477373080409
4.2,25.397817066541382,49.584429832655644
4.25,27.756405695648336,64.53522837688698
4.3,26.912314917279243,56.34926088191197
4.35,27.71181019857619,65.99825716787223
4.4,23.806936263634817,56.104489578151394
4.45,27.92851395042342,62.803569647476316
4.5,28.59502231601477,64.41569351447049
4.55,26.751581102631143,50.28437954785639
4.6,29.031816856663387,49.76362970371248
4.65,28.222275974362073,1.3580608366339428
4.7,33.37723121417482,33.824535450720376
4.75,33.83547493914203,24.64708755787399
4.8,33.586075969637704,33.74227151604061
4.85,34.812934261755856,45.47575798258969
4.9,31.641415604489573,1.5221337450195116
4.95,34.21939312953861,45.29637035625863
5.0,29.67939201400051,2.108849147650583
5.05,29.82894641467664,1.4079751405062508
5.1,33.19491650052877,45.467438053026235
5.15,35.96198021701706,53.50319519940783
5.2,34.56225044398341,24.878833288433256
5.25,34.305998340867866,1.694625202030304
5.3,33.55237836921742,1.5880298013253888
5.35,32.01956191274588,1.7868322890253154
5.4,28.94031434367733,1.7759543716574018
5.45,30.213301886603144,1.7084599945194174
5.5,28.60498500588711,1.7152752808842082
5.55,26.406650057432905,1.6925648373723123
5.6,26.850854605892064,1.7553404426808794
5.65,24.089045469988772,1.998118945825165
5.7,23.60125012767957,2.0910072173849463
5.75,24.413421824733412,2.238223460065167
5.8,23.35995395080042,2.1457931671994372
5.85,24.174330644415722,2.1085155454708575
5.9,23.28629251124415,2.053969960544602
5.95,23.645574334273796,1.9779591561354064
6.0,22.98043318859119,1.9315969246706677
6.05,23.136607359062463,2.117365359461572
6.1,23.032238162686003,2.0551876125622455
6.15,22.94946325493985,2.1950743587767394
6.2,23.057921158617823,2.0590211259129685
6.25,23.745578406999414,2.2398198782968435
6.3,24.751623518191867,1.6257302963228621
6.35,25.475678791382318,1.638135239052446
6.4,25.619332812655184,1.9648555642383874
6.45,28.03141370792848,1.8621282774402759
6.5,31.537063921037035,1.669555274640844
6.55,34.29985409328738,1.6435977554779908
6.6,33.27022178796107,1.1725981381904251
6.65,35.12299261320308,2.0048738904491348
6.7,36.2881843486234,1.814029852472169
6.75,36.73884755635614,1.7154022616476152
6.8,35.58265632862188,1.6297675081121392
6.85,32.946680619207655,0.9306835612310707
6.9,31.69461371121543,1.5968098203939296
6.95,31.779675162194827,1.5718301572570454
7.0,31.11808071138231,1.6995292791004029
7.05,31.46602839383125,1.6674560483586012
7.1,31.523215958731452,1.6682673719375123
7.15,34.150737592762944,1.66742391225868
7.2,34.06693178393622,1.5720137778889745
7.25,33.291847369793885,1.7868856067290049
7.3,35.21794349339904,1.7966807893778955
7.35,34.13249945996842,1.7142992794210827
7.4,38.89641067176721,1.6770697841113376
7.45,36.71170642111746,1.7520746420932014
7.5,38.896469739845486,1.7876552174642426
7.55,38.461300749158276,1.7180591534702006
7.6,39.29476202661795,1.6909154628834104
7.65,37.502572123913424,1.75991087027273
7.7,35.775467244824455,1.6742952649672083
7.75,38.996543997865416,1.7916680010039054
7.8,36.35770240905222,1.8943470825999384
7.85,38.014842540601315,1.9298542919809567
7.9,38.09372058734315,1.7778635317654312
7.95,38.295443781515274,1.6933783725607225
8.0,38.494686800450395,2.197184013041999
8.05,39.85734335022256,1.7450119217754199
8.1,40.93598522441634,1.8875937087817996
8.15,41.49301207728807,1.7689483124871201
8.2,42.581340604359895,1.9494889239952617
8.25,44.40704544136833,1.5792755633475177
8.3,45.062353401583216,1.6036760016909508
8.35,47.28825710401517,1.5870317555404565
8.4,47.6665763249662,1.6899304049030963
8.45,45.24901896867621,1.7202729313033365
8.5,45.00473515135493,1.7380032906733605
8.55,45.18298476788566,24.65381542971487
8.6,46.88329443054041,33.855941484429586
8.65,46.90854129937633,45.64241534312799
8.7,48.639722311556916,50.39885075024987
8.75,46.60849847291701,45.88519160557763
8.8,46.49228347869922,24.60511322005966
8.85,47.64789368166284,1.3610838123294715
8.9,47.25670038690278,24.804121732181436
8.95,48.71626967467664,46.71946859233714
9.0,48.230899149209236,64.10230114224156
9.05,47.446198226060545,65.28889331395567
9.1,47.791957895774914,57.26601875056289
9.15,48.287241380653235,40.861909501384126
9.2,47.61128379797189,1.2281103703438043
9.25,51.53034816630088,58.3008382480485
9.3,51.8283194621237,65.02986789181023
9.35,51.793191671088884,60.7785292978811
9.4,51.08797291450794,66.15123720158033
9.45,50.843883686892084,65.78374158618115
9.5,51.01669661188243,64.05988568675738
9.55,51.65951984390345,65.03937228463107
9.6,51.15566144206256,65.7900093934799
9.65,50.688489280378604,64.4599277782066
9.7,50.54172055868981,66.43018700816403
9.75,49.48356756985112,62.66597612039727
9.8,49.504726208203216,59.13070596112929
9.85,50.05813662376483,34.19689105269589
9.9,50.208102924040666,40.6252179678861
9.95,50.5023059500058,34.14877086970823
10.0,49.8606988017342,1.5599332590976194
10.05,49.720591177436006,34.12462214933852
10.1,49.827648492505965,1.644600799042055
10.15,48.576247711122626,1.4491779599647376
10.2,50.39364366458388,24.829974421483968
10.25,50.101074877988665,24.96430771241888
10.3,49.98263703546515,57.1862282481928
10.35,49.917712420565486,65.63560314770423
10.4,49.924359741354884,35.08004511178554
10.45,49.93136147439464,46.6739693396768
10.5,49.97418374649938,55.546998659059966
10.55,50.12604109384353,62.5075896610863
10.6,50.118295904881414,40.50976213602604
10.65,50.036993876950795,58.69696592051885
10.7,49.723485535412344,55.5726868338063
10.75,49.57792035212785,52.63047580320447
10.8,49.583411163556065,1.8386895911345036
10.85,49.576575841809834,1.7409369096825968
10.9,49.26244339112217,47.070762708768214
10.95,48.8738757040505,1.7113222695008143
11.0,48.203835295131974,24.83057019314769
11.05,46.68022584593123,2.063000429770036
11.1,46.17828689063074,1.7915139073099227
11.15,45.65254862898413,33.71037741887256
11.2,42.875034447165284,1.8058900084050415
11.25,41.144639735116016,1.4801552702035365
11.3,39.97106441841845,1.7702072049933655
11.35,39.37233468745497,1.378326206655069
11.4,38.54512914844437,1.421953582856875
11.45,38.719153849887284,1.4674611510447575
11.5,39.368316502631096,1.5520591848685867
11.55,38.86749779945457,1.5405465587630587
11.6,38.27582652646772,1.6997150439675197
11.65,37.59809615970856,1.5605967449001084
11.7,35.000182851161,1.6737472857813147
11.75,32.3649963259186,1.8362664536774764
11.8,34.0423129992925,1.5469667360360886
11.85,35.44099202073855,1.4903911478458753
11.9,38.21775118334444,1.5533184776991715
11.95,37.49078784205308,1.8213042103329002
12.0,34.93643652622931,1.7632413379366503
12.05,34.78882778976056,1.7597264835584667
12.1,36.4948257623281,1.7925018151016265
12.15,39.605549734269104,1.6837007023286603
12.2,39.02099117313091,1.8229414347348918
12.25,41.26779699396808,1.69532458000948
12.3,43.606767983421676,1.7831796398837105
12.35,44.34007331082965,2.0192059421595006
12.4,43.750959862255456,1.777456337865108
12.45,42.985972476141725,1.7235488378191606
12.5,43.20935336438739,1.692959301770347
12.55,42.63519070261227,1.7917383635628883
12.6,42.66473182588757,1.60979428607752
12.65,41.88290047505476,1.54757401291434
12.7,40.97266857130591,1.9212278781702203
12.75,40.79184885661807,1.7995458316883353
12.8,41.34072729383544,1.8703698152618917
12.85,41.135396388980176,1.863952524720623
12.9,42.29105461419803,1.7620879571148291
12.95,43.22113432339074,1.5750188032806656
13.0,44.36157859466907,1.804221737083524
13.05,45.46672892424904,1.6726880809273557
13.1,48.476640636900385,1.856625002321696
13.15,48.98528285617804,1.6045538501455132
13.2,46.915673184088554,1.7979376452653046
13.25,46.29511715399699,1.7270289290032868
13.3,47.225630169468054,1.9243631206535643
13.35,48.106251569132695,1.5188550966602747
13.4,48.81666845442613,1.5760609804123202
13.45,48.4673092440854,1.6056109605992714
13.5,46.94374598676847,1.6965468909235613
13.55,46.9435075239105,1.8259227500454214
13.6,46.574393532353334,1.7597310860493067
13.65,48.01313147423204,39.88723618941275
13.7,46.821860560625225,40.10341434560944
13.75,47.22224860750527,40.25143803665977
13.8,46.35233011507723,1.774880658893026
13.85,47.48220684312067,49.17021764918505
13.9,45.23453518643082,52.83101744051722
13.95,44.930915673658966,49.469022479834855
14.0,44.90023984942856,62.021302329344934
14.05,44.484373135193536,49.995463405058736
14.1,46.134058607136105,61.00159974571089
14.15,47.964318354635175,63.774220097331174
14.2,45.65672747447368,49.90213941280407
14.25,45.30576566699703,50.020253059746345
14.3,44.109038657538335,45.60177164587362
14.35,44.36829255676577,49.70247613984482
14.4,46.34991679119604,24.824991585066414
14.45,46.947409693156665,46.68164192288835
14.5,49.09052532862165,45.873606309459284
14.55,48.9587050270544,55.15671490457946
14.6,48.81101581602191,40.55993298803221
14.65,49.61394273704236,54.38072875705519
14.7,49.565643096473686,1.7950646367962877
14.75,49.85040690771799,24.748555371571076
14.8,49.06635705673663,1.6762820436357475
14.85,49.510024162749495,1.67214109392471
14.9,48.91102264499962,1.6114628784203255
14.95,46.74807543252522,1.5290449715265402
15.0,43.699221756050484,1.8907140970440413
15.05,43.57791170674391,1.5848206218939018
15.1,43.67916100960645,1.6034303759035282
15.15,41.77692083339771,1.654834262694308
15.2,41.23042969693928,1.8718553372662954
15.25,40.310530470345086,1.4492837976596111
15.3,38.57134635318527,1.529000105916025
15.35,38.42260566200694,1.45657433601343
15.4,40.845753044110815,2.0181109229669807
15.45,40.75770043631893,1.8723165379811681
15.5,41.91860459669897,1.6751188433023074
15.55,42.970166153182525,1.7662461906332918
15.6,42.531713934924966,1.6245621801164913
15.65,41.35499388579837,1.517988459577849
15.7,41.658982958470084,1.736917056100721
15.75,39.49448471705777,1.8873445565258398
15.8,40.01164423782866,1.962869646540874
15.85,40.064904582600846,1.7601376491493923
15.9,39.141053939364085,1.6605416391922738
15.95,39.425674230250266,1.620993687215298
16.0,41.21358766646337,1.7077904924117362
16.05,43.31216869941124,1.8629747170054018
16.1,42.686711328497545,2.052883940976826
16.15,44.23552242249511,1.5869293376145321
16.2,43.30999063394067,1.9621319553587586
16.25,40.801148769162296,1.6594924556686614
16.3,40.504734600643026,1.7099679067989848
16.35,39.22557733700521,1.5948753895513044
16.4,38.62980341835313,1.843049485676969
16.45,38.26478248485788,1.6007377730209973
16.5,37.130350596718664,1.6572120007108262
16.55,37.52079357969517,1.91192468329934
16.6,36.61534830426809,1.5130555689901144
16.65,36.01910908253712,1.5301514936720235
16.7,37.58615882068827,1.5203058572920043
16.75,37.93564484638542,1.8082190625911445
16.8,37.05007935130021,1.7685542169489552
16.85,38.917195485186475,1.660116769114048
16.9,39.961971836931866,1.7591271721331712
16.95,41.21425156216694,1.7891663707554943
17.0,41.77447593078134,1.8228058800905913
17.05,42.39786261800433,1.6062570459095984
17.1,43.21199817435295,1.4075358561938334
17.15,44.73814093697129,1.4886492897208152
17.2,44.50638328485888,1.759140924079422
17.25,41.76049137832355,1.354494234000207
17.3,40.81153485097723,1.2737979741637342
17.35,42.44844477712933,1.3003435183878336
17.4,41.81747184205489,1.506712499485709
17.45,40.34789048664442,1.254395682661129
17.5,40.60115657599713,1.5195682750380333
17.55,41.136619647444505,1.5873551044776062
17.6,40.99797404289299,1.44982706126287
17.65,42.50447072156566,1.4030347378996721
17.7,43.5330380450286,0.8532483995924203
17.75,45.720357272889075,1.2107277204338938
17.8,46.17185572725734,1.5259125593260539
17.85,41.73629642426367,1.7003467470325206
17.9,39.663853031459,1.683203879952884
17.95,40.10269839328622,1.9800508035053068
18.0,38.653801458721446,1.8790236207246105
18.05,39.70752595533723,1.666915146771721
18.1,40.49642012916571,1.3225014871065455
18.15,40.44356699745706,1.553205029810235
18.2,39.953567722872364,1.1507173248369515
18.25,39.955653408446494,1.1833707268255638
18.3,40.37250373892601,1.7591817434224044
18.35,40.47287303731366,1.782175005933048
18.4,39.372158845226025,1.6913314767227903
18.45,37.0525278331826,1.79085695880519
18.5,37.732224634093896,1.7271210814102875
18.55,36.33714134632533,1.4816822811463182
18.6,35.05094388994323,1.8841867620861974
18.65,35.11810655840189,1.7530929859239983
18.7,36.95392744502473,1.7606307467550257
18.75,37.55624708372588,1.705909976528673
18.8,37.95954617568069,1.6658393649400627
18.85,37.811908046320724,1.6658566047538288
18.9,36.7996173200027,1.700360707857979
18.95,35.71148029811212,1.7779954133510496
19.0,39.04853309654808,1.5462498624824714
19.05,36.61239160313868,1.6412156445699346
19.1,37.32727882864572,1.9118342840106688
19.15,36.271387160956074,1.38830403295449
19.2,37.57665225556993,1.7190787836054993
19.25,35.631923303405735,1.922841056306771
19.3,34.53218448378581,1.8748529873564923
19.35,37.31334026595868,1.1460566894292536
19.4,37.93845866523321,1.6095809263104799
19.45,37.85858984066802,1.6669636273586217
19.5,37.10191915386618,1.3793098203163676
19.55,39.37846097595703,1.704778403546178
19.6,39.828480608667896,1.7377960153290692
19.65,39.40395529373297,1.5791285180983854
19.7,38.353203649849156,1.5774089829694324
19.75,37.096576240121784,1.6979026545819413
19.8,37.258315847191305,1.3236260946374319
19.85,38.296243346844726,1.390406594741619
19.9,35.98594172022944,1.5948737133260233
19.95,38.596998695726484,1.5004926609739544
20.0,37.756869867492824,1.063999718824666
20.05,37.77939550343916,1.5607097905186373
20.1,39.13461511981363,0.9001948826477492
20.15,38.07396801217653,0.7790738567399051
20.2,38.8069754887615,1.0738456989907903
20.25,40.11206670800271,0.8064707167065617
20.3,43.827234348105975,1.2036804180049614
20.35,43.63249735926608,1.0645296965949143
20.4,43.39779524830811,1.6148773923663275
20.45,42.98063127180463,1.4472510139042054
20.5,43.12052264948625,1.5478066790897544
20.55,46.53732904405194,1.746227560205643
20.6,50.061339626903646,1.7365599005822205
20.65,48.98647285655279,1.6777247871461418
20.7,48.61602668719678,1.5899858860736444
20.75,49.58892557842134,1.88170246547332
20.8,49.38121805185045,1.5651526064315826
20.85,48.12086462978277,1.6679193950347502
20.9,45.86723189457332,1.9873673927725932
20.95,43.84535255631421,1.5620924187317806
21.0,42.21337044399741,1.6992806135411722
21.05,42.48962964568885,1.5570115424842317
21.1,43.70364050751584,1.6970591230520675
21.15,43.627212759069074,1.8905100019310845
21.2,44.69174873439007,1.6142370737734018
21.25,44.89493830732168,1.5681963539522337
21.3,43.89600829305979,1.8850438066983737
21.35,44.158626543107246,1.7292791097979952
21.4,44.46833159775675,1.680611113214509
21.45,45.942768300256155,1.7131825649115002
21.5,44.506679095546446,1.7355577247712786
21.55,45.07197723597768,1.6706974051158845
21.6,45.562225379088446,1.6608238804029016
21.65,44.47365407359101,1.7348170515846772
21.7,47.15599903827784,24.479798699388144
21.75,50.092819337287295,39.99940072589919
21.8,50.282491152434226,24.604611677864774
21.85,50.37412763425021,1.5811358020528767
21.9,50.473418698534594,1.5838764251232995
21.95,50.135028614284074,1.1902175971083189
22.0,49.437884331615585,1.333489994818654
22.05,49.3397523093532,1.5392462137554845
22.1,49.976437607211146,1.5310293059597055
22.15,52.42476859347279,39.945323144876
22.2,53.45029194944859,39.97229931508597
22.25,53.77118728448631,52.99021908904591
22.3,54.039492251635885,52.81397682711926
22.35,53.129602271823664,52.45969304051891
22.4,54.18540033456717,52.8651465349324
22.45,54.40224001382651,39.945850902628
22.5,53.30193642467497,49.16377490166238
22.55,53.15075230911446,49.31967476440526
22.6,52.24720680411146,24.49545507553078
22.65,52.81896987944265,24.550409134856938
22.7,53.29274948542965,24.520152617496134
22.75,53.090419333446434,33.52083138464966
22.8,52.139382082441834,40.31199286741106
22.85,52.03540771043148,52.56734897351315
22.9,49.61909008896815,24.548633183994617
22.95,49.603503143874256,39.56048269790784
23.0,46.11224398081138,1.6797044166403217
23.05,45.140383703112825,1.5754381488493796
23.1,44.78289124518884,49.16585001469521
23.15,46.0149049442036,40.298050437931636
23.2,47.01539187043152,1.3238043556668664
23.25,47.50803961176006,24.67680799550022
23.3,48.62809768330687,34.32380503188717
23.35,49.18292441364673,1.3269071019645318
23.4,48.79091121141453,1.4487856286021124
23.45,50.86464557637845,1.6081504492786152
23.5,50.587639001659234,1.6594709768359213
23.55,50.7819356466048,1.7939842704929627
23.6,51.06157398026895,1.8281293086691206
23.65,51.90810835606747,1.7368427891089175
23.7,51.31665375821673,24.23356526740559
23.75,52.892617500537334,33.66199456010613
23.8,54.07865157975128,24.42215208867843
23.85,53.382822178788054,24.33885885926463
23.9,52.156736064189964,1.7419064508295394
23.95,51.794496462659055,24.17236617997612
24.0,52.10582809641409,33.601471872392494
24.05,52.07431038945585,24.393817108393055
24.1,51.38166384307384,34.426043888774124
24.15,51.30597150413903,33.67625184320212
24.2,51.27102848405948,24.34831574708388
24.25,51.49926670457295,24.455132325141705
24.3,51.07723876489094,24.338426139260914
24.35,50.35858796404071,24.269639654241534
24.4,49.17915311103161,24.370692234441695
24.45,46.650299441899875,33.70266099021014
24.5,47.20890040469575,24.22436461033671
24.55,47.589705666990376,24.241142017279383
24.6,44.2385002083864,24.291979242513033
24.65,44.19131913852332,24.27660901104898
24.7,45.328320375355105,1.9509370660966643
24.75,43.31977901113131,1.8855786374688845
24.8,41.10539218107001,1.7437588640175068
24.85,39.99982645010388,24.154119674126324
24.9,39.943090050988765,1.9765313520889014
24.95,41.33353531811232,1.7591965774814953
25.0,42.21203090392541,1.839145379466245
25.05,41.85724649880051,1.8135743039902754
25.1,42.04392939822888,1.8272461750925877
25.15,44.011624283756184,2.0300173144815394
25.2,43.504380130642865,1.7504455815509954
25.25,42.37265306363242,2.077259334240461
25.3,41.4115979454212,1.8304395315673891
25.35,40.81006727472146,1.9415428657632805
25.4,39.868087439974595,1.8195234708194525
25.45,39.31439514599591,1.8624050698681884
25.5,40.93392054420674,1.874877992347487
25.55,39.810454571146074,1.8350184550107753
25.6,38.67007989638533,1.8494993743381547
25.65,34.90270785874289,2.076541200401907
25.7,34.79578658868822,2.1356840955962295
25.75,35.61380642929703,1.6948632401671209
25.8,35.69559594561068,1.9179821326242639
25.85,37.72043705147718,1.8708533214900667
25.9,42.61159369673712,1.8024673152786763
25.95,42.11340142189867,1.827600290402721
26.0,41.606191528030244,1.6656911710202145
26.05,39.09098070967057,1.6910580205909425
26.1,39.029994210406905,1.5902792211355437
26.15,40.46959426753948,1.7683926825850416
26.2,39.1243694487411,1.6647636473933176
26.25,39.36665045587929,1.7332383554196955
26.3,40.54292961894767,1.5969655064253077
26.35,40.18860541865439,1.8032224962842514
26.4,37.99386671827455,1.750863610371964
26.45,36.182162506462255,1.8447558612731545
26.5,32.57815863004376,1.9982613632835213
26.55,33.4667558815143,1.7788615843876199
26.6,32.6772871488128,1.7590106816849278
26.65,33.04126771230184,2.078355999554525
26.7,32.160233422706156,1.805174353303117
26.75,32.952992455082736,1.8586488672233399
26.8,33.21205842762964,1.7305087005211606
26.85,33.58850167117874,1.6675912365655916
26.9,34.31438440580558,1.7895506764823774
26.95,32.1415546945828,1.6299525928247824
27.0,30.186516233676514,1.5663398744015733
27.05,31.321908367870478,1.665591419361678
27.1,29.500586707806136,1.744574953323079
27.15,29.385248242257152,1.7397269905088277
27.2,32.54532981749802,1.8156913172752431
27.25,35.491249273252315,1.860926941729421
27.3,35.66208303033758,1.6260869255356452
27.35,33.31680787423066,1.7330552632876501
27.4,30.588368735083385,1.8809033785800682
27.45,30.144079943548945,1.5707272557939493
27.5,30.188493935535817,1.7530201196265753
27.55,29.409057806606747,1.7214814548574935
27.6,27.268201343121536,1.727350030884091
27.65,26.39031966788571,1.7841295928989789
27.7,29.569799878004225,1.8864321802157968
27.75,23.72174742944426,1.8061339192398989
27.8,20.939006384274396,1.856445304663009
27.85,24.394985045315117,1.833650430870018
27.9,26.480109650428833,1.8928834092140279
27.95,28.562027962264995,1.8719478683846997
28.0,28.97822726605981,1.8258202189803243
28.05,28.568715769914668,1.68812910681395
28.1,28.19115087676691,1.859464560650406
28.15,27.45294009987295,1.8915399455527284
28.2,27.757732281633537,1.8178062257170882
28.25,28.141044197245385,1.8586102857191287
28.3,27.050794644057582,1.6114037917361592
28.35,28.332636275437494,1.77233830757493
28.4,26.443070211944505,1.6706131667162027
28.45,27.13391688958999,1.8327575302220158
28.5,26.67537684088624,1.7009687036658008
28.55,27.481564451027594,1.6961011267676203
28.6,27.51769070097043,1.7668903834107716
28.65,25.983416926367717,1.7298591614149341
28.7,26.50106129836246,1.5052032343740651
28.75,24.98509277829318,1.605569860274338
28.8,24.256667927905532,1.7065281798572187
28.85,24.832728037320905,1.7717125041728667
28.9,24.4972312694152,1.7379111951152746
28.95,22.32453610301557,1.751077181664792
29.0,19.57691331233323,1.568587966072906
29.05,20.567313142013838,1.702028393954002
29.1,21.864092944344364,1.8136686839978509
29.15,23.060615123050393,1.9594790413413945
29.2,24.40436836690744,1.9171187323561438
29.25,27.489813791374054,2.0914556252743814
29.3,28.50340376920931,1.96801903932691
29.35,23.55615666690537,2.034288959820901
29.4,22.853341330945188,2.058167674104922
29.45,25.049562472162545,2.063969819252787
29.5,28.07979147341446,1.9154260705070942
29.55,28.18630263605782,1.7290700037662736
29.6,26.348777409982215,1.928477926070643
29.65,26.18873246261404,1.638778987067276
29.7,26.176477892017854,1.6666925095835257
29.75,30.274752851328437,1.8466231329075193
29.8,31.610477194510196,1.7810267431773794
29.85,28.017107068814088,1.813907899588038
29.9,24.475679694314668,1.9336809387627327
29.95,23.379514166722224,1.6764052486597938
30.0,23.579650058620423,1.6815881234839987
30.05,22.424341763582774,1.5559508650125362
30.1,20.668953912835466,1.8482671190672977
30.15,20.208440447404605,2.1316368905923273
30.2,18.1719438329864,1.6380022796064446
30.25,18.69668570591047,1.3840568111326224
30.3,18.43213834671378,1.5454579117079954
30.35,19.53620452307473,1.543371072054359
30.4,20.875241177028382,1.9677780988574325
30.45,21.23511810901026,1.8361381462003297
30.5,20.58822793369283,1.6531592356709115
30.55,20.989357962698488,1.546507866016779
30.6,20.933960049956756,1.7239068959974388
30.65,21.273943641733908,1.842270306819354
30.7,22.016543171532795,1.8080579623453936
30.75,22.7022816702597,1.8605114454222549
30.8,22.318959219631495,1.8138504557531143
30.85,24.06282052502926,1.5244634338574197
30.9,23.387412086799518,1.633881914586704
30.95,24.239527610975244,1.5315477888127043
31.0,22.728049220272915,1.4274226217106698
31.05,25.432080111426945,1.663047861712944
31.1,25.67911255699989,1.6465209102269867
31.15,29.533347913602146,1.6437653365437244
31.2,33.44240404573413,1.4238923508277441
31.25,33.42549466913444,1.2938911676410787
31.3,33.018919409992606,1.7143077328061587
31.35,32.91196569325352,1.307276467720257
31.4,32.045740086792144,1.4895591376301698
31.45,32.68671125808269,1.3904763873702093
31.5,35.700968705690606,1.456231143804863
31.55,35.9275144879857,1.4707876628890393
31.6,35.06611050607995,1.575766167887709
31.65,35.07103902188894,1.8228897698970103
31.7,35.518098364340474,1.475890334947349
31.75,35.821461949021874,1.80889817735439
31.8,39.203095474886155,1.3359745436034853
31.85,39.072254272933186,1.4737019189582476
31.9,39.9314224875309,1.5135988246424625
31.95,40.709918373458066,1.4434619475206223
32.0,40.87747295736354,1.7221887150192128
32.05,40.04065463590324,1.6757042412348444
32.1,41.2044141202664,1.7861913422812197
32.15,42.70556005945598,1.7576147127320498
32.2,42.00734497004408,1.9808741485002377
32.25,42.54105583549161,1.098230614377625
32.3,43.06944117319585,1.4026272952810979
32.35,43.91856604543055,1.2778917182528664
32.4,42.60795111743345,1.2357166596857492
32.45,41.168121682569684,1.490889970732113
32.5,40.92426417411597,1.3341275646426163
32.55,41.467954186081464,1.4161864648519102
32.6,39.7051748903001,1.358359818494421
32.65,38.41534062192374,1.8947024936738415
32.7,36.76774711016727,1.6968695566670713
32.75,36.81765197122028,1.4456233402122778
32.8,36.79111604650755,1.5438140514584424
32.85,38.081570713381744,1.7085352903553395
32.9,41.993321783544054,1.4670842687380914
32.95,43.31928794731593,1.6122612576530864
33.0,43.01568800856504,1.5325066767994475
33.05,44.506871519203855,1.1568201753001903
33.1,44.406979581250894,1.732384472782242
33.15,44.62160629507188,1.7509775882524614
33.2,43.62621579537902,1.3781257681932806
33.25,43.417749017949056,1.5907543074306987
33.3,43.8270266077605,1.6366980706649075
33.35,43.15694110859705,1.845338976600599
33.4,43.96369598047601,1.6430035468310813
33.45,44.46921110728021,1.581371281264969
33.5,44.81219745914849,1.5837454994443465
33.55,45.280602806843866,1.7997884443545873
33.6,45.22257361504839,1.659448831388071
33.65,45.84298766841243,1.6895836853831756
33.7,45.91552037224329,1.4921708705390704
33.75,45.680628015917,1.6851320068299576
33.8,45.55779563607923,1.8235031736942753
33.85,45.7858866163469,1.7236485947100832
33.9,45.952533973038385,1.5020073602861428
33.95,46.21735773807278,1.7032231987556028
34.0,45.66645545449176,1.7691861656534607
34.05,45.554616265034404,1.6464123709415435
34.1,45.705612309601364,1.3060464376201792
34.15,45.62686615109742,1.4526181292585396
34.2,46.7954106888686,1.7932129495419635
34.25,45.81392533173424,2.107542366797042
34.3,46.19881597855199,1.9748252541468556
34.35,45.69844919425965,1.7732644915465798
34.4,44.801015568498265,1.7883108608694198
34.45,43.438879350167944,1.7720220191139164
34.5,43.807034153370935,1.8094400864396945
34.55,41.88668075884324,1.5914196772261395
34.6,40.39087694554672,1.5518386706431169
34.65,40.437486763219624,1.4297117669667385
34.7,40.67762261801093,1.596700237604593
34.75,39.35857090852461,1.445932346810893
34.8,42.65159442574249,1.6741779578547138
34.85,41.555875351780664,1.8497025600476986
34.9,41.84564651817399,1.6354110317843933
34.95,41.04741007056675,1.510919241974829
35.0,40.50875810882373,1.6246505107954077
35.05,41.562925069690785,1.5818234185002569
35.1,40.932534434553745,1.747678400707444
35.15,40.75802718273356,1.6758063258494245
35.2,42.65484994594951,1.6176852609504848
35.25,43.03291182446492,1.6251406171030642
35.3,44.11977623429833,1.7324326271915467
35.35,45.273836230039166,1.6203452093445505
35.4,44.869644617108484,1.648393689023559
35.45,43.85912369352296,1.5847116778857098
35.5,43.57808543216323,2.0452983845759682
35.55,44.91670245747501,1.7796359442803813
35.6,45.36040124437232,1.7887602653778945
35.65,44.95230034298797,1.8409264030389045
35.7,45.181794879507166,2.040262966610623
35.75,44.5626068793607,1.9349794786688603
35.8,44.882537743806324,1.7507450676879217
35.85,44.13158709652234,1.9403398534263099
35.9,43.60739497686406,1.7234094469841248
35.95,44.85910057365254,1.706353210108396
36.0,45.112375159336814,1.8046432665522294
36.05,45.0388239802497,1.6412191388067892
36.1,44.56775802626504,1.6497567445435495
36.15,43.64267333265411,1.579042390668862
36.2,42.62665255137243,1.4544024897928067
36.25,42.71199409215583,1.6936328960667821
36.3,43.773377885385166,1.5483343497711508
36.35,44.288884960662806,1.9169697835899884
36.4,45.07307981254679,1.5829819216505268
36.45,45.427912807705276,1.5786241739008777
36.5,45.34213369672458,1.7383343286385853
36.55,45.214149075224555,1.4949756306351767
36.6,45.17858103222984,1.4655888449596537
36.65,45.94668787791783,1.6524196476897792
36.7,45.95062638547818,1.8263292854447821
36.75,46.00644001522436,1.723973409001903
36.8,46.27430145040519,1.8158485015583385
36.85,45.867092131151516,2.009586368700924
36.9,45.366597174105955,1.8975441883459272
36.95,45.53941869205338,1.7005140979324924
37.0,45.847580891033466,1.8248017528056002
37.05,45.975166553296184,1.658191944441928
37.1,45.2818201145184,1.7620368520598575
37.15,45.14983946334044,1.3715020649133804
37.2,44.576452561069395,1.4791257779243896
37.25,44.55743227094574,1.3896520980045741
37.3,44.59775752873202,1.8479253275283911
37.35,44.22261720498847,1.4602504320130298
37.4,43.92697880934211,1.6074635028410194
37.45,43.86261127647113,1.7129061704695354
37.5,44.12350295084648,1.6541013942217073
37.55,44.09998100002356,1.7017330890083056
37.6,44.17410354525588,1.6295879037690693
37.65,44.12700335018069,1.7180528087808564
37.7,44.08298005117353,1.8309413450169656
37.75,44.151092543380145,1.7258142575266795
37.8,44.344255250652374,1.603438227769169
37.85,44.10982161563979,1.8921654392685028
37.9,44.05256250585962,1.5688120904802128
37.95,44.22162938764629,1.5693884153091526
38.0,44.35625688681429,1.5336712782047166
38.05,44.11827276506424,1.5953836771876753
38.1,44.03121528639995,1.4245798784301822
38.15,43.74295609602475,1.6445498886195995
38.2,44.226900528611324,1.5148826274408116
38.25,44.10788453035135,1.6178282899297558
38.3,44.009383202556364,1.6237544782069533
38.35,43.635530178159726,1.3450922803574699
38.4,42.279527503344994,1.5991994350434324
38.45,42.233694229685256,1.736754165356143
38.5,41.73962266065261,1.826821161921817
38.55,40.98225615446417,1.144575149973458
38.6,39.38377150078249,1.2783145039059691
38.65,38.09837009482628,1.153875651637496
38.7,36.84721321606294,1.5183369362935015
38.75,36.05604425148062,1.3209731905631086
38.8,34.82579360481911,1.59560234484883
38.85,34.16218082232106,1.1363045666074836
38.9,36.00145914155654,1.1681973655679447
38.95,34.14503067943849,1.1439742985455938
39.0,35.78427225517902,1.1925896437889787
39.05,34.37078523634004,1.1844419605153884
39.1,36.03456439218908,1.3264416501399943
39.15,36.54734396225786,1.295119196743243
39.2,34.63860022189721,1.5456674606858793
39.25,35.744833618598875,1.663368621589173
39.3,35.36477531771977,1.3691193786703824
39.35,35.50896403600151,1.5454128232972673
39.4,35.94587832915337,1.3566372693347235
39.45,37.00588482336593,1.4687525191212945
39.5,38.82007721763473,1.2189269711196902
39.55,35.64332554512548,1.32104550573994
39.6,35.54907144461673,1.3840112965470062
39.65,35.476882264139,1.2552111246447188
39.7,37.75398478248776,1.360803168889106
39.75,38.136749200065125,1.2768804348125016
39.8,37.79739911728931,1.402667540850335
39.85,38.09879724992009,1.290015421000795
39.9,32.53499514762614,1.610712482770358
39.95,33.78703223348181,1.816990898993346
40.0,38.25791961478062,1.6188532806347455
40.05,39.3917581894042,1.6938077838497188
40.1,38.458735816279734,1.5338703168259447
40.15,37.32290757525702,1.6009290077747185
40.2,38.13102956297771,1.778901229363688
40.25,37.466290660868104,1.5709345229815932
40.3,38.74374559914035,1.3954252871483757
40.35,38.23625705015194,1.4635077735435842
40.4,38.087001581084614,1.2987643309081482
40.45,40.39786752177176,1.349261301610822
40.5,40.62402832095751,1.3220680337217123
40.55,43.054631147211055,1.4617508347006083
40.6,43.47392209029468,1.520341839088822
40.65,43.739784695403884,1.4161769398270934
40.7,43.59490356407861,1.730727393396499
40.75,45.62198571746916,1.140831708529983
40.8,45.46184016957743,1.3849174290959787
40.85,44.986138342831545,1.982392225651679
40.9,44.6202254794608,1.5020644379217196
40.95,44.92344970615108,1.5885319110322729
41.0,43.976007196623556,1.7892281892855417
41.05,43.92010719437574,1.6265531793074257
41.1,43.771797060153574,1.5021774565019193
41.15,42.71827454077707,1.79202079189348
41.2,43.050750395629734,1.4042319334897864
41.25,41.52432013513582,1.570285266274566
41.3,42.65106458890095,2.108403978890096
41.35,42.6282583430828,2.0942520298001037
41.4,42.81331824231666,1.9607242117832335
41.45,42.200117704450626,2.0581363398543804
41.5,44.22893705758847,2.045834765008805
41.55,43.876513601112286,1.892154780813154
41.6,41.943909451165574,1.5870022147807885
41.65,42.86473131310324,1.8701332795551289
41.7,42.919565563630215,1.9133793822917526
41.75,44.7814024168752,33.49806008784926
41.8,44.18810317369994,24.550430386531353
41.85,45.755387354703196,24.445005659281133
41.9,45.44185915058718,1.7236145564318943
41.95,45.96952795702301,24.389995640571158
42.0,44.87656913922052,1.8274192226321753
42.05,45.19620429550428,1.8577393016613226
42.1,44.82358566430016,1.8608898661377187
42.15,44.69127165085386,1.6932717200616285
42.2,45.14834154105112,1.5672744820043703
42.25,45.47357927837444,1.7124386428844578
42.3,45.13914126315169,1.435957046052698
42.35,44.67112676135384,1.4554508828294108
42.4,44.18052747602673,2.019470474354104
42.45,44.20352527473793,1.8540626708488845
42.5,43.06138323125313,1.8283186817040644
42.55,42.95127731511447,1.957065016952347
42.6,42.874278176124754,1.613330671912901
42.65,41.685971903622296,1.7489905502228837
42.7,42.48907394571834,1.5302238128141226
42.75,42.68690397575048,1.7907641206691924
42.8,42.62036182122473,1.790588710432809
42.85,42.345789269626884,1.7997601475492795
42.9,42.14377089121103,1.5893631429884987
42.95,42.93256679796194,1.7865717141544002
43.0,42.11733218438082,1.7283948074395725
43.05,42.68636385905184,1.7055952508791326
43.1,41.06912709744071,1.7360489278337075
43.15,40.07665275549127,1.6029030289408004
43.2,40.54045562884197,1.8427848987515028
43.25,41.08068223818219,1.7164193543616582
43.3,41.87102091040614,1.913260790405851
43.35,42.244260913896476,2.027465120368858
43.4,43.95397082078405,1.6957445778602602
43.45,42.54632084471488,1.8492810767167247
43.5,43.75864680767324,1.7167228005819068
43.55,42.406719210732334,1.9246358935100234
43.6,43.4394318404099,1.6425416942547548
43.65,42.48419149149797,1.5854858026569005
43.7,43.37060140151763,1.8282866696773017
43.75,42.69050686018831,1.772564023814136
43.8,43.07807252603629,1.8314416786597063
43.85,43.93079442687917,1.5980816893033487
43.9,43.39944768349901,1.5297522732035789
43.95,43.829643960305596,1.9529926132593396
44.0,45.01059129485419,1.6257394082529473
44.05,45.556992495748325,1.4896727365822402
44.1,45.95838082992648,1.5934109620083055
44.15,45.165402562869346,1.3917129860452484
44.2,44.82639113075717,1.4106152077662786
44.25,44.72452026620956,1.8285767986169674
44.3,44.86880010230015,1.670717571448955
44.35,44.96873310984084,1.508780798576836
44.4,45.26888434081335,1.7547700404483875
44.45,45.06848251416453,1.6855574609697002
44.5,45.660461429341105,1.9169442959455558
44.55,46.28903336961527,1.7653992003406827
44.6,46.736598368618694,1.8229450624977235
44.65,46.873208579947324,1.7005584063647454
44.7,46.77753998046211,2.1088437272314815
44.75,47.20583388237357,1.7007280548467212
44.8,47.66426419538689,1.6283847489694263
44.85,47.24878010250604,1.6781359042309514
44.9,46.790782987931436,1.4650719106011716
44.95,46.77953141633326,1.7601496433324317
45.0,47.61887637668275,1.7525047343804885
45.05,47.46828885243352,1.7856804462189533
45.1,47.76312108537381,2.0037927611947506
45.15,48.138083163760385,1.793946074409662
45.2,48.03128144861245,1.560856317337109
45.25,48.03504315301984,1.8717142388909307
45.3,48.11385836414479,1.7915208753689353
45.35,48.78109366870906,1.7285660637436622
45.4,49.25897099232806,1.5738858730179115
45.45,48.92328265706481,1.7637589269239726
45.5,49.37707075247311,1.4629093309176573
45.55,50.47537183609962,1.413018778178911
45.6,51.040343899554884,1.550787132768148
45.65,51.359845433526786,1.734111815995283
45.7,51.77948653697381,1.733712203474351
45.75,52.312420691288175,1.5343182828244992
45.8,51.93586842691061,1.5742406373255333
45.85,52.08930132005631,1.524253214838891
45.9,52.288930972416445,1.711415251343074
45.95,53.24880001827817,1.5153785185293822
46.0,53.71126248041522,1.8981696707614655
46.05,54.604110828161325,1.4056077899281072
46.1,54.49793521256704,1.5966339605557789
46.15,54.31103823180399,1.5445030279965049
46.2,53.03526388557393,1.578719746872987
46.25,54.01276766431228,1.6263301837078394
46.3,53.32675106869023,1.6473528046168164
46.35,52.711720836911326,1.7844363373301864
46.4,53.90707258852811,1.5590997960471615
46.45,54.51641945807982,1.7754628689846204
46.5,54.908142841415405,1.7741141670672502
46.55,55.99908040055189,1.6035335863151887
46.6,55.88692393031477,1.5706228871898962
46.65,56.114755632421215,1.623391078559307
46.7,56.47059370040268,1.661212546933647
46.75,56.19944544164128,1.6047525776963305
46.8,56.281499750085835,1.7813335860902166
46.85,56.633609152521245,1.8242498904944722
46.9,56.447120806713926,1.9435995872341083
46.95,56.621795247508516,1.7297402455550612
47.0,56.62417055392203,1.712240139773347
47.05,56.99524554504283,1.6335884403550733
47.1,57.26183329956774,1.5923463245420137
47.15,57.28620643175951,1.6230804799358176
47.2,57.12403938256653,1.6193406260907075
47.25,57.71833978379374,1.9875273418478492
47.3,57.49261626285177,1.7033822440019992
47.35,56.79785143364057,1.8160738451915361
47.4,57.070394252870074,1.7802725726676916
47.45,56.76220996340606,1.6385183526672413
47.5,56.137211969598454,1.6974431629364073
47.55,56.38676156928279,1.7348658207371883
47.6,56.82546943473901,1.6144664976587062
47.65,57.88598993379415,1.4657989254013772
47.7,57.33061241926448,1.6329707253504107
47.75,58.01178946435365,1.5412092474206498
47.8,57.420289779811235,1.4469023622393928
47.85,56.414158118153715,1.5839495836981294
47.9,56.196596284346235,1.823838802967908
47.95,56.696629781337585,1.699413454194662
48.0,56.55533606546194,1.7638161668703791
48.05,56.43584089801407,1.5403835094696123
48.1,56.67679689369287,1.685154783585441
48.15,56.7671209068828,1.761003068575047
48.2,56.63316105921635,1.7462869488790753
48.25,55.73770151685484,2.0463726956099495
48.3,56.72590606231468,1.9133313828175027
48.35,56.83953458856954,1.6693827960668892
48.4,57.15435289819366,2.074850960977659
48.45,56.94179456390767,1.7099575226309494
48.5,55.8703673758563,1.8374791163893414
48.55,56.330658292974846,1.7308543216515704
48.6,56.60810154484842,1.797267802000031
48.65,56.63780672287804,1.5143601713871744
48.7,56.21291290572561,1.7113868522753648
48.75,55.018786602303834,1.5325583487424035
48.8,54.41833648326437,1.578621526816749
48.85,55.15345015166479,1.2788302394780804
48.9,54.12580261009123,1.4646243070857288
48.95,54.44308413837413,1.6399414148340197
49.0,54.569912987153806,1.5954718989189742
49.05,54.35437749148126,1.5960586586114365
49.1,53.9851625628261,1.720750719673205
49.15,53.63948576938516,1.606421404442016
49.2,53.72281487328814,1.78656856294309
49.25,54.17784601741866,1.7972942157106726
49.3,53.02423937499298,1.6855777970411783
49.35,52.79699157939099,1.5542557192928483
49.4,52.99613718378924,1.322650959294508
49.45,53.07233285155792,1.7057241006251112
49.5,53.176948843925835,1.4264837284409995
49.55,53.30337144669935,1.5137053474605675
49.6,53.0795721969771,1.5748012572800216
49.65,53.10775643668359,1.707186060044872
49.7,53.484278580724094,1.6226681387829422
49.75,53.514207129161875,1.689774908277822
49.8,53.16253457552936,1.749412377215317
49.85,52.65670317096175,1.4918841401632654
49.9,52.81286761135351,1.731212684995593
49.95,52.932251791807595,1.7748706444286124
50.0,53.163993756714234,1.708740591129555
