position,shannon_entropy,consurf_grade
1,0.0,9
2,1.0,6
3,1.0613,6
4,2.4056,3
5,2.5,2
6,0.0,9
7,1.5,5
8,0.5436,8
9,0.5436,8
10,0.5436,8
11,0.5436,8
12,1.75,4
13,0.5436,8
14,0.0,9
15,2.5,2
16,1.75,4
17,0.0,9
18,0.0,9
19,2.1556,3
20,0.9544,6
21,1.75,4
22,1.4056,5
23,2.25,3
24,0.5436,8
25,0.0,9
26,2.75,2
27,2.75,2
28,0.0,9
29,0.8113,7
30,1.0,6
31,1.2988,6
32,1.2988,6
33,0.0,9
34,2.4056,3
35,0.0,9
36,0.0,9
37,0.5436,8
38,0.0,9
39,1.75,4
40,1.5488,5
41,0.0,9
42,0.9544,6
43,1.8113,4
44,1.4056,5
45,1.2988,6
46,1.2988,6
47,1.5613,5
48,0.5436,8
49,2.1556,3
50,2.1556,3
51,1.5,5
52,1.8113,4
53,1.5,5
54,1.0613,6
55,0.8113,7
56,0.0,9
57,0.0,9
58,0.0,9
59,0.0,9
60,1.0,6
61,0.5436,8
62,0.0,9
63,0.8113,7
64,0.5436,8
65,0.0,9
66,1.4056,5
67,1.0613,6
68,0.0,9
69,0.5436,8
70,1.4056,5
71,1.9056,4
72,0.8113,7
73,2.4056,3
74,0.5436,8
75,2.0,4
76,0.0,9
77,0.8113,7
78,0.0,9
79,1.0,6
80,0.0,9
81,0.0,9
82,0.0,9
83,0.0,9
84,0.0,9
85,0.0,9
86,0.0,9
87,0.0,9
88,0.0,9
89,0.8113,7
90,0.0,9
91,0.0,9
92,1.5613,5
93,0.5436,8
94,1.4056,5
95,1.2988,6
96,0.5436,8
97,1.75,4
98,0.0,9
99,1.8113,4
100,0.5436,8
101,0.0,9
102,0.9544,6
103,0.0,9
104,1.0613,6
105,0.0,9
106,0.5436,8
107,0.0,9
108,0.5436,8
109,1.0613,6
110,0.0,9
111,0.0,9
112,0.0,9
113,0.5436,8
114,0.0,9
115,1.8113,4
116,1.4056,5
117,0.9544,6
118,1.5,5
119,1.0,6
120,0.5436,8
121,0.0,9
122,0.0,9
123,0.0,9
124,1.0,6
125,0.5436,8
126,1.9056,4
127,1.0613,6
128,2.0,4
129,0.5436,8
130,0.5436,8
131,1.2988,6
132,0.0,9
133,0.5436,8
134,0.5436,8
135,1.75,4
136,2.5,2
137,1.0613,6
138,1.75,4
139,0.5436,8
140,1.75,4
141,1.2988,6
142,0.0,9
143,0.0,9
144,0.0,9
145,0.5436,8
146,0.0,9
147,0.0,9
148,0.0,9
149,0.0,9
150,0.0,9
151,0.0,9
152,0.0,9
153,1.0,6
154,0.9544,6
155,1.0613,6
156,1.4056,5
157,1.2988,6
158,0.0,9
159,1.0613,6
160,2.4056,3
161,0.0,9
162,0.0,9
163,1.2988,6
164,0.0,9
165,0.0,9
166,0.0,9
167,2.1556,3
168,1.0613,6
169,0.5436,8
170,1.0613,6
171,1.8113,4
172,0.0,9
173,0.0,9
174,2.75,2
175,2.5,2
176,1.7925,4
177,0.8113,7
178,2.75,2
179,1.8113,4
180,0.0,9
181,0.0,9
182,0.5436,8
183,0.0,9
184,0.5436,8
185,0.0,9
186,1.4056,5
187,0.0,9
188,0.0,9
189,0.5436,8
190,0.5436,8
191,1.9056,4
192,0.5436,8
193,1.5488,5
194,0.0,9
195,1.75,4
196,1.0,6
197,0.0,9
198,2.75,2
199,0.5436,8
200,0.0,9
201,0.0,9
202,1.0,6
203,1.5,5
204,0.0,9
205,0.0,9
206,2.1556,3
207,0.5436,8
208,0.8113,7
209,0.0,9
210,1.5488,5
211,0.0,9
212,0.0,9
213,0.5436,8
214,0.0,9
215,0.0,9
216,0.0,9
217,0.5436,8
218,0.0,9
219,0.0,9
220,0.0,9
221,0.0,9
222,0.5436,8
223,0.5436,8
224,0.0,9
225,1.75,4
226,1.2988,6
227,2.1556,3
228,0.8113,7
229,0.0,9
230,0.8113,7
231,1.0613,6
232,2.1556,3
233,1.2988,6
234,0.0,9
235,0.5436,8
236,1.2988,6
237,1.0613,6
238,0.0,9
239,1.4056,5
240,1.5613,5
241,0.0,9
242,1.0613,6
243,1.4056,5
244,0.0,9
245,1.0,6
246,1.75,4
247,2.1556,3
248,2.25,3
249,1.0,6
250,2.1556,3
251,1.2988,6
252,1.75,4
253,1.2988,6
254,1.2988,6
255,1.5488,5
256,0.0,9
257,2.1556,3
258,0.0,9
259,0.5436,8
260,1.4056,5
261,0.0,9
262,0.5436,8
263,1.4056,5
264,0.0,9
265,0.0,9
266,0.0,9
267,1.9056,4
268,0.5436,8
269,2.1556,3
270,2.5,2
271,2.0,4
272,2.75,2
273,1.5488,5
274,3.0,1
275,1.75,4
276,0.9544,6
277,2.1556,3
278,2.1556,3
279,1.75,4
280,0.0,9
281,1.2988,6
282,2.25,3
283,0.0,9
284,1.0613,6
285,1.2988,6
286,1.2988,6
287,0.9544,6
288,1.0613,6
289,2.4056,3
290,0.0,9
291,1.2988,6
292,2.5,2
293,1.5613,5
294,0.8113,7
295,0.0,9
296,0.8113,7
297,1.5488,5
298,0.0,9
299,2.75,2
300,1.5613,5
301,1.0,6
302,0.0,9
303,0.5033,8
304,1.3516,5
305,0.5033,8
306,0.5033,8
307,1.88,4
308,0.5033,8
309,0.9864,6
310,0.0,9
311,0.5033,8
312,0.5033,8
313,0.7642,7
314,1.5305,5
315,0.9183,7
316,2.5033,2
317,1.6577,5
318,0.5033,8
319,0.5033,8
320,0.5033,8
321,0.9864,6
322,0.5033,8
323,0.9911,6
324,0.0,9
325,0.7642,7
326,0.0,9
327,0.5033,8
328,0.5033,8
329,1.4466,5
330,1.7527,4
331,0.9864,6
332,0.5033,8
333,1.3516,5
334,0.9864,6
335,0.5033,8
336,0.5033,8
337,0.5033,8
338,2.0588,4
339,0.9911,6
340,2.0588,4
341,2.0588,4
342,0.5033,8
343,0.0,9
344,2.0588,4
345,0.0,9
346,0.0,9
347,0.0,9
348,1.6577,5
349,0.5033,8
350,0.5033,8
351,0.5033,8
352,0.5033,8
353,0.5033,8
354,0.5033,8
355,0.5033,8
356,0.5033,8
357,0.5033,8
358,0.5033,8
359,0.5033,8
360,0.5033,8
361,0.0,9
362,0.5033,8
363,0.5033,8
364,0.5033,8
365,0.5033,8
366,0.5033,8
367,0.5033,8
368,0.5033,8
369,1.2244,6
370,1.7527,4
371,1.2244,6
372,2.0588,4
373,1.4466,5
374,1.7527,4
375,1.8911,4
376,0.5033,8
377,1.2244,6
378,1.7527,4
379,2.5,2
380,1.2988,6
381,0.8113,7
382,2.1133,3
383,1.8911,4
384,1.2244,6
385,1.6577,5
386,1.8366,4
387,0.5033,8
388,0.0,9
389,0.9864,6
390,2.1972,3
391,2.1972,3
392,0.5033,8
393,1.5305,5
394,1.2244,6
395,2.5033,2
396,0.5033,8
397,1.9749,4
398,0.0,9
399,0.5033,8
400,2.0588,4
401,0.5033,8
402,0.9864,6
403,0.9911,6
404,0.5033,8
405,0.5033,8
406,0.0,9
407,1.3516,5
408,2.7255,2
409,0.0,9
410,0.0,9
411,0.0,9
412,0.5033,8
413,0.0,9
414,0.7642,7
415,0.9864,6
416,0.7642,7
417,0.0,9
418,0.0,9
419,1.7527,4
420,0.5033,8
421,0.0,9
422,1.6577,5
423,0.9864,6
424,2.4194,3
425,1.2244,6
426,1.3516,5
427,1.88,4
428,1.88,4
429,0.0,9
430,1.88,4
431,1.7527,4
432,0.5033,8
433,2.4194,3
434,0.5033,8
435,0.5033,8
436,0.5033,8
437,2.0588,4
438,0.5033,8
439,1.4355,5
440,1.2988,6
441,0.0,9
442,0.0,9
443,1.5488,5
444,0.8113,7
445,0.0,9
446,0.5436,8
447,1.5613,5
448,0.0,9
449,0.0,9
450,1.5488,5
451,1.5488,5
452,0.0,9
453,1.5,5
454,1.9056,4
455,0.0,9
456,1.4056,5
457,0.0,9
458,2.5,2
459,0.9544,6
460,0.5033,8
461,1.2244,6
462,0.5033,8
463,0.5033,8
464,0.7642,7
465,0.0,9
466,0.5033,8
467,0.0,9
468,0.5033,8
469,0.0,9
470,0.5033,8
471,0.0,9
472,0.0,9
473,0.5033,8
474,1.4355,5
475,0.9864,6
476,0.0,9
477,0.5033,8
478,0.0,9
479,0.9864,6
480,0.5033,8
481,0.0,9
482,0.5033,8
483,0.5033,8
484,0.0,9
485,0.5033,8
486,0.0,9
487,0.5033,8
488,0.9183,7
489,0.5033,8
490,0.5033,8
491,0.0,9
492,0.0,9
493,0.5033,8
494,0.0,9
495,1.3516,5
496,0.5033,8
497,0.0,9
498,0.5033,8
499,0.5033,8
500,0.0,9
501,0.0,9
502,0.5033,8
503,0.5033,8
504,0.9864,6
505,0.5033,8
506,0.5033,8
507,0.5033,8
508,0.5033,8
509,0.5033,8
510,1.7527,4
511,1.3516,5
512,0.5033,8
513,0.9864,6
514,0.5033,8
515,0.0,9
516,2.0588,4
517,1.3921,5
518,0.0,9
519,0.5033,8
520,0.5033,8
521,0.5033,8
522,1.8366,4
523,0.5033,8
524,0.9864,6
525,0.9911,6
526,1.3516,5
527,0.5033,8
528,0.5033,8
529,0.5033,8
530,0.9864,6
531,0.9864,6
532,1.6577,5
533,1.2244,6
534,2.0588,4
535,2.4194,3
536,2.281,3
537,1.6577,5
538,2.0588,4
539,0.5033,8
540,0.9864,6
541,2.4194,3
542,1.88,4
543,0.5033,8
544,0.5033,8
545,0.5033,8
546,0.0,9
547,0.0,9
548,0.5033,8
549,0.5033,8
550,0.5033,8
551,0.0,9
552,0.5033,8
553,0.5033,8
554,0.5033,8
555,0.5033,8
556,1.6577,5
557,2.4194,3
558,0.0,9
559,0.5033,8
560,2.6416,2
561,0.9864,6
562,0.0,9
563,1.3516,5
564,2.0588,4
565,0.9183,7
566,1.3516,5
567,1.8911,4
568,2.4194,3
569,1.2244,6
570,1.7527,4
571,0.0,9
572,0.0,9
573,1.3516,5
574,1.6577,5
575,0.5033,8
576,1.3516,5
577,2.9477,1
578,0.5033,8
579,0.5033,8
580,2.7255,2
581,0.9183,7
582,1.2244,6
583,1.7527,4
584,0.9911,6
585,1.4466,5
586,0.5033,8
587,0.0,9
588,1.6577,5
589,1.2244,6
590,0.5033,8
591,0.5033,8
592,0.5033,8
593,1.2244,6
594,0.5033,8
595,1.8911,4
596,0.0,9
597,0.5033,8
598,1.3516,5
599,1.75,4
600,2.75,2
601,0.0,9
602,0.0,9
603,0.8113,7
604,0.5436,8
605,0.0,9
606,0.0,9
607,1.3921,5
608,0.5033,8
609,0.5033,8
610,0.5033,8
611,1.8366,4
612,0.5033,8
613,0.5033,8
614,0.0,9
615,0.5033,8
616,0.0,9
617,0.0,9
618,0.5033,8
619,0.5033,8
620,1.3921,5
621,0.0,9
622,0.5033,8
623,1.3921,5
624,0.5033,8
625,0.0,9
626,0.0,9
627,0.9864,6
628,0.0,9
629,0.5033,8
630,1.7527,4
631,2.0588,4
632,1.3516,5
633,0.5033,8
634,0.0,9
635,0.8113,7
636,0.0,9
637,1.75,4
638,0.5436,8
639,0.0,9
640,1.4056,5
641,0.5033,8
642,1.4466,5
643,0.9864,6
644,1.8366,4
645,2.7255,2
646,2.6416,2
647,2.1972,3
648,2.0588,4
649,1.6577,5
650,2.0588,4
651,2.5033,2
652,0.8113,7
653,1.6645,5
654,2.4056,3
655,2.2359,3
656,2.8074,2
657,2.1556,3
658,2.5,2
659,1.5567,5
660,1.0613,6
661,2.25,3
662,2.75,2
663,0.0,9
664,0.0,9
665,2.5,2
666,2.0,4
667,2.4056,3
668,0.0,9
669,2.1556,3
670,0.9544,6
671,0.0,9
672,0.5436,8
673,1.6577,5
674,0.5033,8
675,0.0,9
676,0.5033,8
677,0.9911,6
678,0.5033,8
679,0.0,9
680,0.0,9
681,0.0,9
682,0.5033,8
683,0.0,9
684,0.0,9
685,0.9864,6
686,0.5033,8
687,1.3921,5
688,0.5033,8
689,0.0,9
690,0.0,9
691,0.0,9
692,0.0,9
693,0.0,9
694,0.0,9
695,0.0,9
696,0.0,9
697,0.0,9
698,0.0,9
699,0.0,9
700,0.0,9
701,0.0,9
702,0.0,9
703,0.0,9
704,0.0,9
705,0.0,9
706,0.0,9
707,0.0,9
708,0.0,9
709,0.0,9
710,0.0,9
711,0.0,9
712,0.0,9
713,0.0,9
714,0.0,9
715,0.0,9
716,0.0,9
717,0.0,9
718,0.0,9
719,0.0,9
720,0.0,9
721,0.0,9
722,0.0,9
723,0.0,9
724,0.0,9
725,0.0,9
726,0.0,9
727,0.0,9
728,0.0,9
729,0.0,9
730,0.0,9
731,0.0,9
732,0.0,9
733,0.0,9
734,0.0,9
735,0.0,9
736,0.0,9
737,0.5033,8
738,0.5033,8
739,0.9864,6
740,1.6577,5
741,2.281,3
742,1.2244,6
743,0.5033,8
744,2.5033,2
745,1.7527,4
746,0.0,9
747,0.5033,8
748,1.3516,5
749,0.9864,6
750,1.3516,5
751,0.5033,8
752,0.9864,6
753,0.5033,8
754,0.5033,8
755,0.5033,8
756,0.9864,6
757,1.7527,4
758,1.3921,5
759,0.0,9
760,0.0,9
761,0.0,9
762,0.0,9
763,0.0,9
764,0.0,9
765,1.8911,4
766,0.0,9
767,0.5033,8
768,2.0588,4
769,0.5033,8
770,0.0,9
771,0.0,9
772,0.0,9
773,0.0,9
774,0.0,9
775,0.0,9
776,0.0,9
777,0.0,9
778,0.0,9
779,0.0,9
780,2.4194,3
781,1.2244,6
782,0.0,9
783,1.6577,5
784,1.6577,5
785,0.5033,8
786,0.5033,8
787,0.5033,8
788,0.5033,8
789,0.5033,8
790,0.7642,7
791,0.5033,8
792,0.0,9
793,1.88,4
794,1.6577,5
795,0.7642,7
796,1.88,4
797,1.2244,6
798,0.5033,8
799,0.0,9
800,0.5033,8
801,0.5033,8
802,2.4194,3
803,1.3921,5
804,0.5033,8
805,0.5033,8
806,0.5033,8
807,0.0,9
808,0.5033,8
809,2.4194,3
810,0.5033,8
811,0.5033,8
812,0.5033,8
813,0.5033,8
814,0.9864,6
815,0.0,9
816,0.0,9
817,0.0,9
818,0.0,9
819,0.0,9
820,0.0,9
821,0.0,9
822,0.0,9
823,0.0,9
824,0.0,9
825,0.0,9
826,0.5033,8
827,0.0,9
828,0.0,9
829,0.0,9
830,0.0,9
831,0.0,9
832,0.0,9
833,0.0,9
834,0.0,9
835,0.9864,6
836,0.5033,8
837,1.3516,5
838,0.0,9
839,1.3921,5
840,0.5033,8
841,0.9864,6
842,0.0,9
843,0.5033,8
844,1.6577,5
845,1.8366,4
846,0.7642,7
847,1.2244,6
848,0.5033,8
849,0.0,9
850,0.0,9
851,0.0,9
852,1.7527,4
853,0.0,9
854,1.3921,5
855,0.5033,8
856,0.9864,6
857,0.9864,6
858,0.5033,8
859,0.5033,8
860,1.8366,4
861,0.5033,8
862,1.3516,5
863,0.5033,8
864,0.5033,8
865,0.5033,8
866,0.9864,6
867,0.0,9
868,0.5033,8
869,0.9864,6
870,0.0,9
871,0.0,9
872,0.0,9
873,0.0,9
874,0.0,9
875,0.0,9
876,0.0,9
877,0.5033,8
878,1.7527,4
879,1.3516,5
880,1.4466,5
881,0.0,9
882,0.5033,8
883,0.5033,8
884,0.5033,8
885,0.5033,8
886,0.5033,8
887,0.5033,8
888,2.0588,4
889,2.1972,3
890,0.0,9
891,0.9864,6
892,0.5033,8
893,0.9864,6
894,1.3921,5
895,0.5033,8
896,0.5033,8
897,0.9864,6
898,0.5033,8
899,0.5033,8
900,0.0,9
901,0.0,9
902,0.5033,8
903,1.2244,6
904,1.3516,5
905,0.9911,6
906,0.9544,6
907,0.0,9
908,0.0,9
909,0.0,9
910,0.0,9
911,0.0,9
912,0.0,9
913,0.0,9
914,0.0,9
915,2.75,2
916,0.0,9
917,0.0,9
918,0.0,9
919,0.0,9
920,0.0,9
921,0.0,9
922,0.0,9
923,1.0613,6
924,1.2988,6
925,0.0,9
926,1.2988,6
927,1.2988,6
928,0.0,9
929,1.5488,5
930,0.0,9
931,0.5033,8
932,0.5033,8
933,1.4466,5
934,0.9864,6
935,2.1972,3
936,2.0588,4
937,0.0,9
938,2.0588,4
939,1.4466,5
940,1.3516,5
941,0.5033,8
942,0.0,9
943,1.2244,6
944,0.5033,8
945,0.5033,8
946,0.5033,8
947,0.9864,6
948,0.0,9
949,1.9056,4
950,0.5436,8
951,0.5033,8
952,0.5033,8
953,0.0,9
954,0.5033,8
955,0.5033,8
956,0.5033,8
957,2.0588,4
958,1.3921,5
959,2.0588,4
960,0.0,9
961,0.9864,6
962,0.5033,8
963,0.0,9
964,0.5033,8
965,2.4194,3
966,0.9864,6
967,0.5033,8
968,2.4194,3
969,2.281,3
970,0.9864,6
971,0.9864,6
972,1.88,4
973,1.4466,5
974,0.9864,6
975,0.5033,8
976,2.4194,3
977,1.2244,6
978,0.5033,8
979,0.5033,8
980,2.0588,4
981,1.0,6
982,0.0,9
983,1.5613,5
984,0.5436,8
985,1.9056,4
986,0.0,9
987,0.0,9
988,0.8113,7
989,1.5613,5
990,1.2988,6
991,1.2988,6
992,1.75,4
993,0.0,9
994,0.9544,6
995,2.25,3
996,2.75,2
997,2.0,4
998,2.4056,3
999,2.1556,3
1000,2.4056,3
1001,1.5488,5
1002,1.75,4
1003,2.25,3
1004,1.8113,4
1005,1.4488,5
1006,0.0,9
