drug_id,name,category,vina_score,ml_binding_score,old_consensus_score,old_consensus_rank,new_consensus_score,new_consensus_rank,rank_change
molnupiravir,molnupiravir,A_RdRp_Inhibitors,-5.145,0.8767,0.6112,73,0.8103,1,72
amlodipine,amlodipine,H_Negative_Controls,-4.965,0.88,0.5974,86,0.8094,2,84
chloroquine,chloroquine,B_Published_Dengue,-4.943,0.8801,0.5956,87,0.809,3,84
didanosine,didanosine,K_More_Nucleosides,-5.145,0.875,0.6101,76,0.8088,4,72
lisinopril,lisinopril,Q_More_Negatives,-5.05,0.877,0.6031,85,0.8085,5,80
pentoxifylline,pentoxifylline,N_Immune_Modulators,-4.892,0.8808,0.5916,88,0.8085,5,83
ribavirin,ribavirin,A_RdRp_Inhibitors,-5.107,0.8755,0.6071,83,0.8084,7,76
chlorpromazine,chlorpromazine,M_Arbovirus_Activity,-4.831,0.8804,0.586,91,0.8068,8,83
lamivudine,lamivudine,C_Nucleoside_Analogs,-4.905,0.8771,0.5905,89,0.8054,9,80
amantadine,amantadine,O_Entry_Inhibitors,-4.885,0.8771,0.5887,90,0.805,10,80
tenofovir,tenofovir,A_RdRp_Inhibitors,-4.817,0.8785,0.5836,93,0.8048,11,82
adefovir,adefovir,L_Broad_Antivirals,-5.154,0.8699,0.6079,80,0.8044,12,68
primaquine,primaquine,E_Tropical_Disease,-4.835,0.8769,0.5842,92,0.8037,13,79
rimantadine,rimantadine,O_Entry_Inhibitors,-4.647,0.8807,0.5701,96,0.8031,14,82
oseltamivir,oseltamivir,L_Broad_Antivirals,-4.754,0.8779,0.5778,94,0.8029,15,79
telbivudine,telbivudine,K_More_Nucleosides,-5.256,0.8658,0.6143,67,0.8029,15,52
stavudine,stavudine,K_More_Nucleosides,-5.282,0.8636,0.6153,65,0.8015,17,48
metformin,metformin,H_Negative_Controls,-4.671,0.8784,0.5708,95,0.8015,17,78
ibuprofen,ibuprofen,H_Negative_Controls,-5.192,0.8634,0.6073,82,0.7994,19,63
acyclovir,acyclovir,C_Nucleoside_Analogs,-5.177,0.8635,0.606,84,0.7991,20,64
pyrimethamine,pyrimethamine,R_More_Tropical,-5.232,0.8609,0.6093,78,0.798,21,57
gabapentin,gabapentin,Q_More_Negatives,-4.421,0.88,0.55,97,0.7975,22,75
favipiravir,favipiravir,A_RdRp_Inhibitors,-4.25,0.8821,0.5363,98,0.7957,23,75
azathioprine,azathioprine,P_More_Host_Directed,-5.241,0.8565,0.6074,81,0.7942,24,57
miltefosine,miltefosine,R_More_Tropical,-4.169,0.8764,0.5258,99,0.7888,25,74
galidesivir,galidesivir,A_RdRp_Inhibitors,-5.349,0.8479,0.6117,72,0.7888,25,47
baricitinib,baricitinib,D_Host_Directed,-5.363,0.8467,0.6122,71,0.7881,27,44
hydroxychloroquine,hydroxychloroquine,B_Published_Dengue,-5.334,0.8462,0.6094,77,0.787,28,49
cytarabine,cytarabine,C_Nucleoside_Analogs,-5.348,0.8458,0.6103,75,0.7869,29,46
prochlorperazine,prochlorperazine,B_Published_Dengue,-5.39,0.8447,0.6133,70,0.7869,29,41
umifenovir,umifenovir,L_Broad_Antivirals,-5.396,0.8444,0.6137,68,0.7867,31,37
erlotinib,erlotinib,G_Kinase_Inhibitors,-5.331,0.8455,0.6087,79,0.7863,32,47
lovastatin,lovastatin,B_Published_Dengue,-5.373,0.843,0.6108,74,0.785,33,41
naproxen,naproxen,N_Immune_Modulators,-5.417,0.8413,0.6137,68,0.7844,34,34
albendazole,albendazole,E_Tropical_Disease,-5.434,0.8408,0.6148,66,0.7843,35,31
trifluridine,trifluridine,C_Nucleoside_Analogs,-5.483,0.8396,0.6184,64,0.7843,35,29
cladribine,cladribine,C_Nucleoside_Analogs,-5.516,0.8349,0.6185,63,0.7808,37,26
zidovudine,zidovudine,C_Nucleoside_Analogs,-5.679,0.8288,0.629,52,0.7789,38,14
nitazoxanide,nitazoxanide,B_Published_Dengue,-5.568,0.8302,0.6202,62,0.7777,39,23
clevudine,clevudine,K_More_Nucleosides,-5.628,0.8284,0.6243,57,0.7774,40,17
entecavir,entecavir,A_RdRp_Inhibitors,-5.652,0.8271,0.6256,56,0.7767,41,15
colchicine,colchicine,N_Immune_Modulators,-5.759,0.8244,0.6334,47,0.7766,42,5
nirmatrelvir,nirmatrelvir,L_Broad_Antivirals,-5.789,0.8193,0.6329,48,0.7727,43,5
ruxolitinib,ruxolitinib,D_Host_Directed,-5.72,0.8189,0.6267,54,0.7708,44,10
abacavir,abacavir,K_More_Nucleosides,-5.856,0.8153,0.6364,43,0.7706,45,-2
indomethacin,indomethacin,N_Immune_Modulators,-5.81,0.8142,0.6317,51,0.7686,46,5
balapiravir,balapiravir,A_RdRp_Inhibitors,-5.853,0.8121,0.6342,45,0.7676,47,-2
praziquantel,praziquantel,E_Tropical_Disease,-7.242,0.7709,0.7306,14,0.7608,48,-34
dasabuvir,dasabuvir,A_RdRp_Inhibitors,-7.392,0.765,0.7402,7,0.7588,49,-42
sorafenib,sorafenib,M_Arbovirus_Activity,-7.365,0.7656,0.7382,9,0.7587,50,-41
ombitasvir,ombitasvir,J_HCV_NS5A,-7.304,0.7649,0.7324,13,0.7568,51,-38
darunavir,darunavir,F_Protease_Inhibitors,-7.421,0.7606,0.7401,8,0.7555,52,-44
ledipasvir,ledipasvir,B_Published_Dengue,-7.115,0.7675,0.7175,16,0.755,53,-37
nelfinavir,nelfinavir,F_Protease_Inhibitors,-7.333,0.7622,0.7334,10,0.755,53,-43
doxycycline,doxycycline,B_Published_Dengue,-7.343,0.7603,0.7331,11,0.7535,55,-44
daclatasvir,daclatasvir,B_Published_Dengue,-6.853,0.7721,0.6974,20,0.7534,56,-36
suramin,suramin,B_Published_Dengue,-6.996,0.7683,0.7076,19,0.7531,57,-38
methotrexate,methotrexate,D_Host_Directed,-6.827,0.7722,0.6952,21,0.753,58,-37
simeprevir,simeprevir,I_HCV_NS3_Protease,-7.316,0.7579,0.7293,15,0.7507,59,-44
elbasvir,elbasvir,J_HCV_NS5A,-7.078,0.7625,0.7113,17,0.7497,60,-43
atovaquone,atovaquone,R_More_Tropical,-7.045,0.7619,0.708,18,0.7484,61,-43
prednisolone,prednisolone,N_Immune_Modulators,-6.719,0.7696,0.6842,24,0.7483,62,-38
ivermectin,ivermectin,B_Published_Dengue,-7.396,0.7526,0.7331,11,0.7477,63,-52
benznidazole,benznidazole,R_More_Tropical,-5.884,0.7882,0.6225,59,0.7468,64,-5
sirolimus,sirolimus,P_More_Host_Directed,-6.545,0.7717,0.6703,29,0.7464,65,-36
baloxavir_marboxil,baloxavir_marboxil,L_Broad_Antivirals,-6.817,0.765,0.69,22,0.7463,66,-44
celecoxib,celecoxib,M_Arbovirus_Activity,-6.563,0.7706,0.6712,28,0.7458,67,-39
remdesivir,remdesivir,A_RdRp_Inhibitors,-6.673,0.7671,0.6787,25,0.745,68,-43
atorvastatin,atorvastatin,Q_More_Negatives,-6.454,0.7715,0.6622,31,0.7442,69,-38
cyclosporine,cyclosporine,D_Host_Directed,-6.611,0.7675,0.6735,27,0.744,70,-43
telaprevir,telaprevir,I_HCV_NS3_Protease,-6.77,0.7635,0.685,23,0.7439,71,-48
glecaprevir,glecaprevir,I_HCV_NS3_Protease,-6.465,0.7699,0.6622,31,0.743,72,-41
cetirizine,cetirizine,Q_More_Negatives,-6.676,0.7648,0.6776,26,0.743,72,-46
minocycline,minocycline,P_More_Host_Directed,-6.526,0.7676,0.6662,30,0.7422,74,-44
paritaprevir,paritaprevir,I_HCV_NS3_Protease,-7.64,0.7403,0.747,5,0.742,75,-70
lopinavir,lopinavir,F_Protease_Inhibitors,-6.216,0.7745,0.6433,39,0.7417,76,-37
omeprazole,omeprazole,H_Negative_Controls,-6.431,0.7693,0.6589,33,0.7417,76,-43
levothyroxine,levothyroxine,Q_More_Negatives,-5.91,0.7815,0.6208,61,0.7413,78,-17
sunitinib,sunitinib,G_Kinase_Inhibitors,-6.291,0.772,0.6483,35,0.7411,79,-44
vandetanib,vandetanib,G_Kinase_Inhibitors,-6.265,0.7723,0.6462,36,0.7408,80,-44
nafamostat,nafamostat,O_Entry_Inhibitors,-6.206,0.7737,0.6419,40,0.7408,80,-40
sofosbuvir,sofosbuvir,A_RdRp_Inhibitors,-6.235,0.7729,0.644,37,0.7407,82,-45
fenofibrate,fenofibrate,M_Arbovirus_Activity,-6.237,0.7722,0.6437,38,0.7401,83,-45
atazanavir,atazanavir,F_Protease_Inhibitors,-7.593,0.7387,0.7419,6,0.7395,84,-78
artemisinin,artemisinin,E_Tropical_Disease,-6.314,0.7693,0.6487,34,0.7392,85,-51
mefloquine,mefloquine,E_Tropical_Disease,-6.218,0.7713,0.6415,41,0.7389,86,-45
niclosamide,niclosamide,M_Arbovirus_Activity,-6.111,0.7725,0.6329,48,0.7376,87,-39
pantoprazole,pantoprazole,Q_More_Negatives,-6.111,0.7724,0.6329,48,0.7375,88,-40
gemcitabine,gemcitabine,C_Nucleoside_Analogs,-6.039,0.7735,0.6272,53,0.7369,89,-36
pentamidine,pentamidine,R_More_Tropical,-6.148,0.7705,0.6349,44,0.7366,90,-46
camostat,camostat,O_Entry_Inhibitors,-6.223,0.7685,0.6403,42,0.7364,91,-49
fludarabine,fludarabine,C_Nucleoside_Analogs,-6.133,0.7704,0.6336,46,0.7362,92,-46
leflunomide,leflunomide,D_Host_Directed,-5.977,0.7732,0.6217,60,0.7353,93,-33
boceprevir,boceprevir,I_HCV_NS3_Protease,-6.006,0.7722,0.6236,58,0.735,94,-36
mycophenolate_mofetil,mycophenolate_mofetil,D_Host_Directed,-6.052,0.7698,0.6262,55,0.7339,95,-40
velpatasvir,velpatasvir,J_HCV_NS5A,-8.754,0.6805,0.8083,1,0.7124,96,-95
grazoprevir,grazoprevir,I_HCV_NS3_Protease,-8.644,0.6811,0.7991,2,0.7106,97,-95
pibrentasvir,pibrentasvir,J_HCV_NS5A,-8.193,0.6918,0.7661,3,0.7104,98,-95
voxilaprevir,voxilaprevir,I_HCV_NS3_Protease,-8.226,0.6821,0.7632,4,0.7024,99,-95
